country_name,country_iso2,week,category,weekly_rank,show_title,season_title,cumulative_weeks_in_top_10
Japan,JP,2022-08-21,Films,1,Day Shift,,2
Japan,JP,2022-08-21,Films,2,Mumon: The Land of Stealth,,1
Japan,JP,2022-08-21,Films,3,The Hunt,,2
Japan,JP,2022-08-21,Films,4,Leaving the Scene,,2
Japan,JP,2022-08-21,Films,5,Blood Red Sky,,4
Japan,JP,2022-08-21,Films,6,Look Both Ways,,1
Japan,JP,2022-08-21,Films,7,Malignant,,1
Japan,JP,2022-08-21,Films,8,The Blue Sky You Have Lost,,1
Japan,JP,2022-08-21,Films,9,The Gray Man,,5
Japan,JP,2022-08-21,Films,10,Top Gun,,3
Japan,JP,2022-08-21,TV,1,Extraordinary Attorney Woo,Extraordinary Attorney Woo: Season 1,7
Japan,JP,2022-08-21,TV,2,Alchemy of Souls,Alchemy of Souls: Season 1,9
Japan,JP,2022-08-21,TV,3,Itaewon Class,Itaewon Class: Season 1,56
Japan,JP,2022-08-21,TV,4,A Model Family,A Model Family: Season 1,1
Japan,JP,2022-08-21,TV,5,ONE PIECE,ONE PIECE: East Blue,3
Japan,JP,2022-08-21,TV,6,Café Minamdang,Café Minamdang: Season 1,5
Japan,JP,2022-08-21,TV,7,Roppongi Class,Roppongi Class: Season 1,5
Japan,JP,2022-08-21,TV,8,Crash Landing on You,Crash Landing on You: Season 1,59
Japan,JP,2022-08-21,TV,9,ONE PIECE,ONE PIECE: Wano Country (Ep.892 - Ep.1000),8
Japan,JP,2022-08-21,TV,10,Remarriage & Desires,Remarriage & Desires: Season 1,6
Japan,JP,2022-08-14,Films,1,Carter,,2
Japan,JP,2022-08-14,Films,2,Leaving the Scene,,1
Japan,JP,2022-08-14,Films,3,The Hunt,,1
Japan,JP,2022-08-14,Films,4,Day Shift,,1
Japan,JP,2022-08-14,Films,5,The Meg,,2
Japan,JP,2022-08-14,Films,6,The Gray Man,,4
Japan,JP,2022-08-14,Films,7,Top Gun,,2
Japan,JP,2022-08-14,Films,8,Rampage,,2
Japan,JP,2022-08-14,Films,9,Purple Hearts,,3
Japan,JP,2022-08-14,Films,10,Gone Wednesday,,1
Japan,JP,2022-08-14,TV,1,Extraordinary Attorney Woo,Extraordinary Attorney Woo: Season 1,6
Japan,JP,2022-08-14,TV,2,Alchemy of Souls,Alchemy of Souls: Season 1,8
Japan,JP,2022-08-14,TV,3,Itaewon Class,Itaewon Class: Season 1,55
Japan,JP,2022-08-14,TV,4,ONE PIECE,ONE PIECE: East Blue,2
Japan,JP,2022-08-14,TV,5,Roppongi Class,Roppongi Class: Season 1,4
Japan,JP,2022-08-14,TV,6,Café Minamdang,Café Minamdang: Season 1,4
Japan,JP,2022-08-14,TV,7,Crash Landing on You,Crash Landing on You: Season 1,58
Japan,JP,2022-08-14,TV,8,Remarriage & Desires,Remarriage & Desires: Season 1,5
Japan,JP,2022-08-14,TV,9,The Sandman,The Sandman: Season 1,1
Japan,JP,2022-08-14,TV,10,ONE PIECE,ONE PIECE: Wano Country (Ep.892 - Ep.1000),7
Japan,JP,2022-08-07,Films,1,The Gray Man,,3
Japan,JP,2022-08-07,Films,2,The Meg,,1
Japan,JP,2022-08-07,Films,3,Purple Hearts,,2
Japan,JP,2022-08-07,Films,4,Carter,,1
Japan,JP,2022-08-07,Films,5,Rampage,,1
Japan,JP,2022-08-07,Films,6,Nisekoi: False Love,,1
Japan,JP,2022-08-07,Films,7,Stolen Identity 2,,1
Japan,JP,2022-08-07,Films,8,Kingdom,,4
Japan,JP,2022-08-07,Films,9,Gintama: The Very Final,,1
Japan,JP,2022-08-07,Films,10,Top Gun,,1
Japan,JP,2022-08-07,TV,1,Extraordinary Attorney Woo,Extraordinary Attorney Woo: Season 1,5
Japan,JP,2022-08-07,TV,2,Alchemy of Souls,Alchemy of Souls: Season 1,7
Japan,JP,2022-08-07,TV,3,Itaewon Class,Itaewon Class: Season 1,54
Japan,JP,2022-08-07,TV,4,Remarriage & Desires,Remarriage & Desires: Season 1,4
Japan,JP,2022-08-07,TV,5,Roppongi Class,Roppongi Class: Season 1,3
Japan,JP,2022-08-07,TV,6,Café Minamdang,Café Minamdang: Season 1,3
Japan,JP,2022-08-07,TV,7,Crash Landing on You,Crash Landing on You: Season 1,57
Japan,JP,2022-08-07,TV,8,Stranger Things,Stranger Things 4,11
Japan,JP,2022-08-07,TV,9,SPY x FAMILY,SPY x FAMILY: Season 1,17
Japan,JP,2022-08-07,TV,10,ONE PIECE,ONE PIECE: East Blue,1
Japan,JP,2022-07-31,Films,1,The Gray Man,,2
Japan,JP,2022-07-31,Films,2,Kingdom,,3
Japan,JP,2022-07-31,Films,3,Howling Village,,1
Japan,JP,2022-07-31,Films,4,I'm Underage But I'm Not a Child,,1
Japan,JP,2022-07-31,Films,5,Despicable Me 2,,2
Japan,JP,2022-07-31,Films,6,Minions,,3
Japan,JP,2022-07-31,Films,7,Purple Hearts,,1
Japan,JP,2022-07-31,Films,8,Incantation,,4
Japan,JP,2022-07-31,Films,9,Despicable Me,,2
Japan,JP,2022-07-31,Films,10,The Sea Beast,,3
Japan,JP,2022-07-31,TV,1,Extraordinary Attorney Woo,Extraordinary Attorney Woo: Season 1,4
Japan,JP,2022-07-31,TV,2,Itaewon Class,Itaewon Class: Season 1,53
Japan,JP,2022-07-31,TV,3,Alchemy of Souls,Alchemy of Souls: Season 1,6
Japan,JP,2022-07-31,TV,4,Remarriage & Desires,Remarriage & Desires: Season 1,3
Japan,JP,2022-07-31,TV,5,Stranger Things,Stranger Things 4,10
Japan,JP,2022-07-31,TV,6,Roppongi Class,Roppongi Class: Season 1,2
Japan,JP,2022-07-31,TV,7,Café Minamdang,Café Minamdang: Season 1,2
Japan,JP,2022-07-31,TV,8,Crash Landing on You,Crash Landing on You: Season 1,56
Japan,JP,2022-07-31,TV,9,Resident Evil,Resident Evil: Season 1,3
Japan,JP,2022-07-31,TV,10,SPY x FAMILY,SPY x FAMILY: Season 1,16
Japan,JP,2022-07-24,Films,1,Kingdom,,2
Japan,JP,2022-07-24,Films,2,The Gray Man,,1
Japan,JP,2022-07-24,Films,3,Incantation,,3
Japan,JP,2022-07-24,Films,4,Honey,,2
Japan,JP,2022-07-24,Films,5,The Sea Beast,,2
Japan,JP,2022-07-24,Films,6,Minions,,2
Japan,JP,2022-07-24,Films,7,Kaiji: Final Game,,2
Japan,JP,2022-07-24,Films,8,Despicable Me 2,,1
Japan,JP,2022-07-24,Films,9,Despicable Me,,1
Japan,JP,2022-07-24,Films,10,Persuasion,,1
Japan,JP,2022-07-24,TV,1,Remarriage & Desires,Remarriage & Desires: Season 1,2
Japan,JP,2022-07-24,TV,2,Extraordinary Attorney Woo,Extraordinary Attorney Woo: Season 1,3
Japan,JP,2022-07-24,TV,3,Itaewon Class,Itaewon Class: Season 1,52
Japan,JP,2022-07-24,TV,4,Resident Evil,Resident Evil: Season 1,2
Japan,JP,2022-07-24,TV,5,Alchemy of Souls,Alchemy of Souls: Season 1,5
Japan,JP,2022-07-24,TV,6,Stranger Things,Stranger Things 4,9
Japan,JP,2022-07-24,TV,7,SPY x FAMILY,SPY x FAMILY: Season 1,15
Japan,JP,2022-07-24,TV,8,Crash Landing on You,Crash Landing on You: Season 1,55
Japan,JP,2022-07-24,TV,9,Roppongi Class,Roppongi Class: Season 1,1
Japan,JP,2022-07-24,TV,10,Café Minamdang,Café Minamdang: Season 1,1
Japan,JP,2022-07-17,Films,1,Incantation,,2
Japan,JP,2022-07-17,Films,2,The Sea Beast,,1
Japan,JP,2022-07-17,Films,3,Kaiji: Final Game,,1
Japan,JP,2022-07-17,Films,4,Kingdom,,1
Japan,JP,2022-07-17,Films,5,Honey,,1
Japan,JP,2022-07-17,Films,6,The Cinderella Addiction,,3
Japan,JP,2022-07-17,Films,7,SP: The Motion Picture Episode VI<The Final Episode>,,4
Japan,JP,2022-07-17,Films,8,Man on a Ledge,,1
Japan,JP,2022-07-17,Films,9,The Eternal Zero,,2
Japan,JP,2022-07-17,Films,10,Minions,,1
Japan,JP,2022-07-17,TV,1,Itaewon Class,Itaewon Class: Season 1,51
Japan,JP,2022-07-17,TV,2,Extraordinary Attorney Woo,Extraordinary Attorney Woo: Season 1,2
Japan,JP,2022-07-17,TV,3,Alchemy of Souls,Alchemy of Souls: Season 1,4
Japan,JP,2022-07-17,TV,4,Resident Evil,Resident Evil: Season 1,1
Japan,JP,2022-07-17,TV,5,Stranger Things,Stranger Things 4,8
Japan,JP,2022-07-17,TV,6,Remarriage & Desires,Remarriage & Desires: Season 1,1
Japan,JP,2022-07-17,TV,7,Manifest,Manifest: Season 1,2
Japan,JP,2022-07-17,TV,8,SPY x FAMILY,SPY x FAMILY: Season 1,14
Japan,JP,2022-07-17,TV,9,Crash Landing on You,Crash Landing on You: Season 1,54
Japan,JP,2022-07-17,TV,10,Oh My Baby,Oh My Baby: Season 1,2
Japan,JP,2022-07-10,Films,1,The Cinderella Addiction,,2
Japan,JP,2022-07-10,Films,2,Snake Eyes: G.I. Joe Origins,,2
Japan,JP,2022-07-10,Films,3,Incantation,,1
Japan,JP,2022-07-10,Films,4,The Eternal Zero,,1
Japan,JP,2022-07-10,Films,5,Deep Blue Sea 2,,2
Japan,JP,2022-07-10,Films,6,Case 39,,1
Japan,JP,2022-07-10,Films,7,SP: The Motion Picture Episode VI<The Final Episode>,,3
Japan,JP,2022-07-10,Films,8,The Door into Summer,,3
Japan,JP,2022-07-10,Films,9,American Made,,1
Japan,JP,2022-07-10,Films,10,Dune,,3
Japan,JP,2022-07-10,TV,1,Itaewon Class,Itaewon Class: Season 1,50
Japan,JP,2022-07-10,TV,2,Stranger Things,Stranger Things 4,7
Japan,JP,2022-07-10,TV,3,Extraordinary Attorney Woo,Extraordinary Attorney Woo: Season 1,1
Japan,JP,2022-07-10,TV,4,Alchemy of Souls,Alchemy of Souls: Season 1,3
Japan,JP,2022-07-10,TV,5,Money Heist: Korea - Joint Economic Area,Money Heist: Korea - Joint Economic Area: Season 1,3
Japan,JP,2022-07-10,TV,6,SPY x FAMILY,SPY x FAMILY: Season 1,13
Japan,JP,2022-07-10,TV,7,Manifest,Manifest: Season 1,1
Japan,JP,2022-07-10,TV,8,Oh My Baby,Oh My Baby: Season 1,1
Japan,JP,2022-07-10,TV,9,Stranger Things,,4
Japan,JP,2022-07-10,TV,10,Stranger Things,Stranger Things 2,3
Japan,JP,2022-07-03,Films,1,The Door into Summer,,2
Japan,JP,2022-07-03,Films,2,Dune,,2
Japan,JP,2022-07-03,Films,3,SP: The Motion Picture Episode VI<The Final Episode>,,2
Japan,JP,2022-07-03,Films,4,The Man from Toronto,,2
Japan,JP,2022-07-03,Films,5,SP: The Motion Picture Episode V,,2
Japan,JP,2022-07-03,Films,6,Tomorrow's Dinner Table,,2
Japan,JP,2022-07-03,Films,7,Snake Eyes: G.I. Joe Origins,,1
Japan,JP,2022-07-03,Films,8,THE FABLE: The Killer Who Doesn't Kill,,5
Japan,JP,2022-07-03,Films,9,Deep Blue Sea 2,,1
Japan,JP,2022-07-03,Films,10,The Cinderella Addiction,,1
Japan,JP,2022-07-03,TV,1,Stranger Things,Stranger Things 4,6
Japan,JP,2022-07-03,TV,2,Money Heist: Korea - Joint Economic Area,Money Heist: Korea - Joint Economic Area: Season 1,2
Japan,JP,2022-07-03,TV,3,SPY x FAMILY,SPY x FAMILY: Season 1,12
Japan,JP,2022-07-03,TV,4,Alchemy of Souls,Alchemy of Souls: Season 1,2
Japan,JP,2022-07-03,TV,5,Itaewon Class,Itaewon Class: Season 1,49
Japan,JP,2022-07-03,TV,6,Doctor John,Doctor John: Season 1,5
Japan,JP,2022-07-03,TV,7,Crash Landing on You,Crash Landing on You: Season 1,53
Japan,JP,2022-07-03,TV,8,Our Blues,Our Blues: Season 1,9
Japan,JP,2022-07-03,TV,9,SPRIGGAN,SPRIGGAN: Season 1,3
Japan,JP,2022-07-03,TV,10,"BASTARD‼ -Heavy Metal, Dark Fantasy-","BASTARD‼ -Heavy Metal, Dark Fantasy-: Season 1",1
Japan,JP,2022-06-26,Films,1,Dune,,1
Japan,JP,2022-06-26,Films,2,Spiderhead,,2
Japan,JP,2022-06-26,Films,3,THE FABLE: The Killer Who Doesn't Kill,,4
Japan,JP,2022-06-26,Films,4,Tomorrow's Dinner Table,,1
Japan,JP,2022-06-26,Films,5,The Man from Toronto,,1
Japan,JP,2022-06-26,Films,6,First Love,,2
Japan,JP,2022-06-26,Films,7,The Door into Summer,,1
Japan,JP,2022-06-26,Films,8,SP: The Motion Picture Episode V,,1
Japan,JP,2022-06-26,Films,9,SP: The Motion Picture Episode VI<The Final Episode>,,1
Japan,JP,2022-06-26,Films,10,The Conjuring: The Devil Made Me Do It,,2
Japan,JP,2022-06-26,TV,1,SPY x FAMILY,SPY x FAMILY: Season 1,11
Japan,JP,2022-06-26,TV,2,SPRIGGAN,SPRIGGAN: Season 1,2
Japan,JP,2022-06-26,TV,3,Doctor John,Doctor John: Season 1,4
Japan,JP,2022-06-26,TV,4,Secret Garden,Secret Garden: Season 1,2
Japan,JP,2022-06-26,TV,5,Our Blues,Our Blues: Season 1,8
Japan,JP,2022-06-26,TV,6,Alchemy of Souls,Alchemy of Souls: Season 1,1
Japan,JP,2022-06-26,TV,7,Itaewon Class,Itaewon Class: Season 1,48
Japan,JP,2022-06-26,TV,8,Stranger Things,Stranger Things 4,5
Japan,JP,2022-06-26,TV,9,Money Heist: Korea - Joint Economic Area,Money Heist: Korea - Joint Economic Area: Season 1,1
Japan,JP,2022-06-26,TV,10,Crash Landing on You,Crash Landing on You: Season 1,52
Japan,JP,2022-06-19,Films,1,THE FABLE: The Killer Who Doesn't Kill,,3
Japan,JP,2022-06-19,Films,2,First Love,,1
Japan,JP,2022-06-19,Films,3,Greenland,,3
Japan,JP,2022-06-19,Films,4,Murders at the House of Death,,1
Japan,JP,2022-06-19,Films,5,The Conjuring: The Devil Made Me Do It,,1
Japan,JP,2022-06-19,Films,6,THE FABLE,,6
Japan,JP,2022-06-19,Films,7,Interceptor,,3
Japan,JP,2022-06-19,Films,8,Spiderhead,,1
Japan,JP,2022-06-19,Films,9,Ocean's 8,,2
Japan,JP,2022-06-19,Films,10,Laplace's Witch,,2
Japan,JP,2022-06-19,TV,1,SPY x FAMILY,SPY x FAMILY: Season 1,10
Japan,JP,2022-06-19,TV,2,Doctor John,Doctor John: Season 1,3
Japan,JP,2022-06-19,TV,3,Our Blues,Our Blues: Season 1,7
Japan,JP,2022-06-19,TV,4,Stranger Things,Stranger Things 4,4
Japan,JP,2022-06-19,TV,5,Itaewon Class,Itaewon Class: Season 1,47
Japan,JP,2022-06-19,TV,6,Secret Garden,Secret Garden: Season 1,1
Japan,JP,2022-06-19,TV,7,Crash Landing on You,Crash Landing on You: Season 1,51
Japan,JP,2022-06-19,TV,8,SPRIGGAN,SPRIGGAN: Season 1,1
Japan,JP,2022-06-19,TV,9,Stranger Things,,3
Japan,JP,2022-06-19,TV,10,Stranger Things,Stranger Things 2,2
Japan,JP,2022-06-12,Films,1,THE FABLE: The Killer Who Doesn't Kill,,2
Japan,JP,2022-06-12,Films,2,Greenland,,2
Japan,JP,2022-06-12,Films,3,Interceptor,,2
Japan,JP,2022-06-12,Films,4,THE FABLE,,5
Japan,JP,2022-06-12,Films,5,Unreliable,,2
Japan,JP,2022-06-12,Films,6,Laplace's Witch,,1
Japan,JP,2022-06-12,Films,7,Under the Stars,,2
Japan,JP,2022-06-12,Films,8,Ocean's 8,,1
Japan,JP,2022-06-12,Films,9,Just Like Heaven,,1
Japan,JP,2022-06-12,Films,10,The Cave,,1
Japan,JP,2022-06-12,TV,1,Doctor John,Doctor John: Season 1,2
Japan,JP,2022-06-12,TV,2,SPY x FAMILY,SPY x FAMILY: Season 1,9
Japan,JP,2022-06-12,TV,3,Stranger Things,Stranger Things 4,3
Japan,JP,2022-06-12,TV,4,Our Blues,Our Blues: Season 1,6
Japan,JP,2022-06-12,TV,5,Itaewon Class,Itaewon Class: Season 1,46
Japan,JP,2022-06-12,TV,6,Stranger Things,,2
Japan,JP,2022-06-12,TV,7,Crash Landing on You,Crash Landing on You: Season 1,50
Japan,JP,2022-06-12,TV,8,The Way of the Househusband,The Way of the Househusband: Season 1,2
Japan,JP,2022-06-12,TV,9,Stranger Things,Stranger Things 2,1
Japan,JP,2022-06-12,TV,10,Green Mothers' Club,Green Mothers' Club: Season 1,6
Japan,JP,2022-06-05,Films,1,THE FABLE: The Killer Who Doesn't Kill,,1
Japan,JP,2022-06-05,Films,2,Unreliable,,1
Japan,JP,2022-06-05,Films,3,Interceptor,,1
Japan,JP,2022-06-05,Films,4,Reminiscence,,1
Japan,JP,2022-06-05,Films,5,Double Jeopardy,,1
Japan,JP,2022-06-05,Films,6,The Game,,2
Japan,JP,2022-06-05,Films,7,Kasane,,2
Japan,JP,2022-06-05,Films,8,Greenland,,1
Japan,JP,2022-06-05,Films,9,THE FABLE,,4
Japan,JP,2022-06-05,Films,10,Under the Stars,,1
Japan,JP,2022-06-05,TV,1,Stranger Things,Stranger Things 4,2
Japan,JP,2022-06-05,TV,2,SPY x FAMILY,SPY x FAMILY: Season 1,8
Japan,JP,2022-06-05,TV,3,Our Blues,Our Blues: Season 1,5
Japan,JP,2022-06-05,TV,4,Stranger Things,,1
Japan,JP,2022-06-05,TV,5,The Way of the Househusband,The Way of the Househusband: Season 1,1
Japan,JP,2022-06-05,TV,6,Doctor John,Doctor John: Season 1,1
Japan,JP,2022-06-05,TV,7,My Liberation Notes,My Liberation Notes: Season 1,3
Japan,JP,2022-06-05,TV,8,Green Mothers' Club,Green Mothers' Club: Season 1,5
Japan,JP,2022-06-05,TV,9,Itaewon Class,Itaewon Class: Season 1,45
Japan,JP,2022-06-05,TV,10,Crash Landing on You,Crash Landing on You: Season 1,49
Japan,JP,2022-05-29,Films,1,The Game,,1
Japan,JP,2022-05-29,Films,2,Senior Year,,3
Japan,JP,2022-05-29,Films,3,Guns Akimbo,,1
Japan,JP,2022-05-29,Films,4,Kasane,,1
Japan,JP,2022-05-29,Films,5,Those Who Wish Me Dead,,2
Japan,JP,2022-05-29,Films,6,What She Likes...,,1
Japan,JP,2022-05-29,Films,7,Paw Patrol: The Movie,,4
Japan,JP,2022-05-29,Films,8,The Shawshank Redemption,,2
Japan,JP,2022-05-29,Films,9,Crayon Shin-chan the Movie: Shrouded in Mystery! The Flowers of Tenkasu Academy,,6
Japan,JP,2022-05-29,Films,10,A Perfect Pairing,,1
Japan,JP,2022-05-29,TV,1,SPY x FAMILY,SPY x FAMILY: Season 1,7
Japan,JP,2022-05-29,TV,2,Stranger Things,Stranger Things 4,1
Japan,JP,2022-05-29,TV,3,Green Mothers' Club,Green Mothers' Club: Season 1,4
Japan,JP,2022-05-29,TV,4,Our Blues,Our Blues: Season 1,4
Japan,JP,2022-05-29,TV,5,Tomorrow,Tomorrow: Season 1,5
Japan,JP,2022-05-29,TV,6,My Liberation Notes,My Liberation Notes: Season 1,2
Japan,JP,2022-05-29,TV,7,The Good Doctor,The Good Doctor: Season 1,3
Japan,JP,2022-05-29,TV,8,Ghost in the Shell: SAC_2045,Ghost in the Shell: SAC_2045: Season 2,1
Japan,JP,2022-05-29,TV,9,Itaewon Class,Itaewon Class: Season 1,44
Japan,JP,2022-05-29,TV,10,Crash Landing on You,Crash Landing on You: Season 1,48
Japan,JP,2022-05-22,Films,1,Senior Year,,2
Japan,JP,2022-05-22,Films,2,Assassination Classroom,,2
Japan,JP,2022-05-22,Films,3,Those Who Wish Me Dead,,1
Japan,JP,2022-05-22,Films,4,Assassination Classroom: Graduation,,1
Japan,JP,2022-05-22,Films,5,Paw Patrol: The Movie,,3
Japan,JP,2022-05-22,Films,6,Crayon Shin-chan the Movie: Shrouded in Mystery! The Flowers of Tenkasu Academy,,5
Japan,JP,2022-05-22,Films,7,Bubble,,4
Japan,JP,2022-05-22,Films,8,The Shawshank Redemption,,1
Japan,JP,2022-05-22,Films,9,Cyber Hell: Exposing an Internet Horror,,1
Japan,JP,2022-05-22,Films,10,Ready Player One,,2
Japan,JP,2022-05-22,TV,1,SPY x FAMILY,SPY x FAMILY: Season 1,6
Japan,JP,2022-05-22,TV,2,Green Mothers' Club,Green Mothers' Club: Season 1,3
Japan,JP,2022-05-22,TV,3,Tomorrow,Tomorrow: Season 1,4
Japan,JP,2022-05-22,TV,4,Our Blues,Our Blues: Season 1,3
Japan,JP,2022-05-22,TV,5,Itaewon Class,Itaewon Class: Season 1,43
Japan,JP,2022-05-22,TV,6,Business Proposal,Business Proposal: Season 1,12
Japan,JP,2022-05-22,TV,7,Crash Landing on You,Crash Landing on You: Season 1,47
Japan,JP,2022-05-22,TV,8,My Liberation Notes,My Liberation Notes: Season 1,1
Japan,JP,2022-05-22,TV,9,Hey Handsome!!,,1
Japan,JP,2022-05-22,TV,10,The Good Doctor,The Good Doctor: Season 1,2
Japan,JP,2022-05-15,Films,1,Paw Patrol: The Movie,,2
Japan,JP,2022-05-15,Films,2,Bubble,,3
Japan,JP,2022-05-15,Films,3,Ready Player One,,1
Japan,JP,2022-05-15,Films,4,Kong: Skull Island,,1
Japan,JP,2022-05-15,Films,5,Crayon Shin-chan the Movie: Shrouded in Mystery! The Flowers of Tenkasu Academy,,4
Japan,JP,2022-05-15,Films,6,Ghost in the Shell: SAC_2045 Sustainable War,,1
Japan,JP,2022-05-15,Films,7,Mio's Cookbook,,1
Japan,JP,2022-05-15,Films,8,The Method of Repulsing the Dove,,3
Japan,JP,2022-05-15,Films,9,Assassination Classroom,,1
Japan,JP,2022-05-15,Films,10,Senior Year,,1
Japan,JP,2022-05-15,TV,1,SPY x FAMILY,SPY x FAMILY: Season 1,5
Japan,JP,2022-05-15,TV,2,Green Mothers' Club,Green Mothers' Club: Season 1,2
Japan,JP,2022-05-15,TV,3,Business Proposal,Business Proposal: Season 1,11
Japan,JP,2022-05-15,TV,4,Itaewon Class,Itaewon Class: Season 1,42
Japan,JP,2022-05-15,TV,5,Tomorrow,Tomorrow: Season 1,3
Japan,JP,2022-05-15,TV,6,Our Blues,Our Blues: Season 1,2
Japan,JP,2022-05-15,TV,7,The Sound of Magic,The Sound of Magic: Season 1,1
Japan,JP,2022-05-15,TV,8,Crash Landing on You,Crash Landing on You: Season 1,46
Japan,JP,2022-05-15,TV,9,Dr. White,Dr. White: Season 1,2
Japan,JP,2022-05-15,TV,10,Twenty Five Twenty One,Twenty Five Twenty One: Season 1,11
Japan,JP,2022-05-08,Films,1,Bubble,,2
Japan,JP,2022-05-08,Films,2,The Method of Repulsing the Dove,,2
Japan,JP,2022-05-08,Films,3,Crayon Shin-chan the Movie: Shrouded in Mystery! The Flowers of Tenkasu Academy,,3
Japan,JP,2022-05-08,Films,4,The Suicide Squad (Dubbed Version),,2
Japan,JP,2022-05-08,Films,5,Paw Patrol: The Movie,,1
Japan,JP,2022-05-08,Films,6,"As Above, So Below",,1
Japan,JP,2022-05-08,Films,7,The Interpreter,,1
Japan,JP,2022-05-08,Films,8,Space Jam: A New Legacy,,1
Japan,JP,2022-05-08,Films,9,AI Amok,,2
Japan,JP,2022-05-08,Films,10,The Suicide Squad,,2
Japan,JP,2022-05-08,TV,1,SPY x FAMILY,SPY x FAMILY: Season 1,4
Japan,JP,2022-05-08,TV,2,Business Proposal,Business Proposal: Season 1,10
Japan,JP,2022-05-08,TV,3,Crash Landing on You,Crash Landing on You: Season 1,45
Japan,JP,2022-05-08,TV,4,Dr. White,Dr. White: Season 1,1
Japan,JP,2022-05-08,TV,5,Itaewon Class,Itaewon Class: Season 1,41
Japan,JP,2022-05-08,TV,6,Love (ft. Marriage and Divorce),Love (ft. Marriage and Divorce): Season 3,8
Japan,JP,2022-05-08,TV,7,Green Mothers' Club,Green Mothers' Club: Season 1,1
Japan,JP,2022-05-08,TV,8,Tomorrow,Tomorrow: Season 1,2
Japan,JP,2022-05-08,TV,9,Our Blues,Our Blues: Season 1,1
Japan,JP,2022-05-08,TV,10,Rettou Seiha (Tentative),Rettou Seiha (Tentative): Season 1,1
Japan,JP,2022-05-01,Films,1,Crayon Shin-chan the Movie: Shrouded in Mystery! The Flowers of Tenkasu Academy,,2
Japan,JP,2022-05-01,Films,2,The Method of Repulsing the Dove,,1
Japan,JP,2022-05-01,Films,3,Bubble,,1
Japan,JP,2022-05-01,Films,4,The Suicide Squad,,1
Japan,JP,2022-05-01,Films,5,The Suicide Squad (Dubbed Version),,1
Japan,JP,2022-05-01,Films,6,Violet Evergarden the Movie,,3
Japan,JP,2022-05-01,Films,7,365 Days: This Day,,1
Japan,JP,2022-05-01,Films,8,AI Amok,,1
Japan,JP,2022-05-01,Films,9,Fantastic Beasts: The Crimes of Grindelwald,,7
Japan,JP,2022-05-01,Films,10,Love Like the Falling Petals,,6
Japan,JP,2022-05-01,TV,1,SPY x FAMILY,SPY x FAMILY: Season 1,3
Japan,JP,2022-05-01,TV,2,Business Proposal,Business Proposal: Season 1,9
Japan,JP,2022-05-01,TV,3,Love (ft. Marriage and Divorce),Love (ft. Marriage and Divorce): Season 3,7
Japan,JP,2022-05-01,TV,4,Crash Landing on You,Crash Landing on You: Season 1,44
Japan,JP,2022-05-01,TV,5,Itaewon Class,Itaewon Class: Season 1,40
Japan,JP,2022-05-01,TV,6,He's Expecting,He's Expecting: Season 1,2
Japan,JP,2022-05-01,TV,7,Forecasting Love and Weather,Forecasting Love and Weather: Season 1,11
Japan,JP,2022-05-01,TV,8,Twenty Five Twenty One,Twenty Five Twenty One: Season 1,10
Japan,JP,2022-05-01,TV,9,Thirty-Nine,Thirty-Nine: Season 1,11
Japan,JP,2022-05-01,TV,10,Tomorrow,Tomorrow: Season 1,1
Japan,JP,2022-04-24,Films,1,Crayon Shin-chan the Movie: Shrouded in Mystery! The Flowers of Tenkasu Academy,,1
Japan,JP,2022-04-24,Films,2,Violet Evergarden the Movie,,2
Japan,JP,2022-04-24,Films,3,Choose or Die,,2
Japan,JP,2022-04-24,Films,4,Hero,,1
Japan,JP,2022-04-24,Films,5,Fantastic Beasts: The Crimes of Grindelwald,,6
Japan,JP,2022-04-24,Films,6,Hero (2015),,1
Japan,JP,2022-04-24,Films,7,Yaksha: Ruthless Operations,,3
Japan,JP,2022-04-24,Films,8,Love Like the Falling Petals,,5
Japan,JP,2022-04-24,Films,9,Fantastic Beasts and Where To Find Them,,5
Japan,JP,2022-04-24,Films,10,Hello World,,1
Japan,JP,2022-04-24,TV,1,Business Proposal,Business Proposal: Season 1,8
Japan,JP,2022-04-24,TV,2,SPY x FAMILY,SPY x FAMILY: Season 1,2
Japan,JP,2022-04-24,TV,3,Forecasting Love and Weather,Forecasting Love and Weather: Season 1,10
Japan,JP,2022-04-24,TV,4,Thirty-Nine,Thirty-Nine: Season 1,10
Japan,JP,2022-04-24,TV,5,Twenty Five Twenty One,Twenty Five Twenty One: Season 1,9
Japan,JP,2022-04-24,TV,6,Crash Landing on You,Crash Landing on You: Season 1,43
Japan,JP,2022-04-24,TV,7,The Rising of the Shield Hero,The Rising of the Shield Hero: Season 1,2
Japan,JP,2022-04-24,TV,8,He's Expecting,He's Expecting: Season 1,1
Japan,JP,2022-04-24,TV,9,Extraordinary You,Extraordinary You: Season 1,3
Japan,JP,2022-04-24,TV,10,Love (ft. Marriage and Divorce),Love (ft. Marriage and Divorce): Season 3,6
Japan,JP,2022-04-17,Films,1,Violet Evergarden the Movie,,1
Japan,JP,2022-04-17,Films,2,Yaksha: Ruthless Operations,,2
Japan,JP,2022-04-17,Films,3,Fantastic Beasts: The Crimes of Grindelwald,,5
Japan,JP,2022-04-17,Films,4,Love Like the Falling Petals,,4
Japan,JP,2022-04-17,Films,5,Fantastic Beasts and Where To Find Them,,4
Japan,JP,2022-04-17,Films,6,The In Between,,1
Japan,JP,2022-04-17,Films,7,Sniper: Assassin's End,,2
Japan,JP,2022-04-17,Films,8,Choose or Die,,1
Japan,JP,2022-04-17,Films,9,Midway,,3
Japan,JP,2022-04-17,Films,10,Kuroko's Basketball: Last Game,,3
Japan,JP,2022-04-17,TV,1,Business Proposal,Business Proposal: Season 1,7
Japan,JP,2022-04-17,TV,2,Forecasting Love and Weather,Forecasting Love and Weather: Season 1,9
Japan,JP,2022-04-17,TV,3,Thirty-Nine,Thirty-Nine: Season 1,9
Japan,JP,2022-04-17,TV,4,Twenty Five Twenty One,Twenty Five Twenty One: Season 1,8
Japan,JP,2022-04-17,TV,5,Extraordinary You,Extraordinary You: Season 1,2
Japan,JP,2022-04-17,TV,6,SPY x FAMILY,SPY x FAMILY: Season 1,1
Japan,JP,2022-04-17,TV,7,Crash Landing on You,Crash Landing on You: Season 1,42
Japan,JP,2022-04-17,TV,8,The Rising of the Shield Hero,The Rising of the Shield Hero: Season 1,1
Japan,JP,2022-04-17,TV,9,Itaewon Class,Itaewon Class: Season 1,39
Japan,JP,2022-04-17,TV,10,Love (ft. Marriage and Divorce),Love (ft. Marriage and Divorce): Season 3,5
Japan,JP,2022-04-10,Films,1,Love Like the Falling Petals,,3
Japan,JP,2022-04-10,Films,2,Fantastic Beasts: The Crimes of Grindelwald,,4
Japan,JP,2022-04-10,Films,3,Kuroko's Basketball: Last Game,,2
Japan,JP,2022-04-10,Films,4,Midway,,2
Japan,JP,2022-04-10,Films,5,Resident Evil: The Final Chapter,,1
Japan,JP,2022-04-10,Films,6,Yaksha: Ruthless Operations,,1
Japan,JP,2022-04-10,Films,7,Sniper: Assassin's End,,1
Japan,JP,2022-04-10,Films,8,Fantastic Beasts and Where To Find Them,,3
Japan,JP,2022-04-10,Films,9,The Town of Headcounts,,1
Japan,JP,2022-04-10,Films,10,Sing,,7
Japan,JP,2022-04-10,TV,1,Business Proposal,Business Proposal: Season 1,6
Japan,JP,2022-04-10,TV,2,Forecasting Love and Weather,Forecasting Love and Weather: Season 1,8
Japan,JP,2022-04-10,TV,3,Twenty Five Twenty One,Twenty Five Twenty One: Season 1,7
Japan,JP,2022-04-10,TV,4,Thirty-Nine,Thirty-Nine: Season 1,8
Japan,JP,2022-04-10,TV,5,Crash Landing on You,Crash Landing on You: Season 1,41
Japan,JP,2022-04-10,TV,6,Thermae Romae Novae,Thermae Romae Novae: Season 1,2
Japan,JP,2022-04-10,TV,7,Itaewon Class,Itaewon Class: Season 1,38
Japan,JP,2022-04-10,TV,8,Extraordinary You,Extraordinary You: Season 1,1
Japan,JP,2022-04-10,TV,9,Kuroko's Basketball,Kuroko's Basketball: Season 1,1
Japan,JP,2022-04-10,TV,10,Sket Dance,Sket Dance: Season 1,1
Japan,JP,2022-04-03,Films,1,Love Like the Falling Petals,,2
Japan,JP,2022-04-03,Films,2,One in a Hundred Thousand,,1
Japan,JP,2022-04-03,Films,3,Kuroko's Basketball: Last Game,,1
Japan,JP,2022-04-03,Films,4,Midway,,1
Japan,JP,2022-04-03,Films,5,The Invisible Man,,1
Japan,JP,2022-04-03,Films,6,A Family,,1
Japan,JP,2022-04-03,Films,7,Sing,,6
Japan,JP,2022-04-03,Films,8,The Outsider,,1
Japan,JP,2022-04-03,Films,9,Fantastic Beasts: The Crimes of Grindelwald,,3
Japan,JP,2022-04-03,Films,10,John Wick: Chapter 3 - Parabellum,,2
Japan,JP,2022-04-03,TV,1,Business Proposal,Business Proposal: Season 1,5
Japan,JP,2022-04-03,TV,2,Thirty-Nine,Thirty-Nine: Season 1,7
Japan,JP,2022-04-03,TV,3,Forecasting Love and Weather,Forecasting Love and Weather: Season 1,7
Japan,JP,2022-04-03,TV,4,Twenty Five Twenty One,Twenty Five Twenty One: Season 1,6
Japan,JP,2022-04-03,TV,5,Last One Standing,Last One Standing: Season 1,4
Japan,JP,2022-04-03,TV,6,Thermae Romae Novae,Thermae Romae Novae: Season 1,1
Japan,JP,2022-04-03,TV,7,Crash Landing on You,Crash Landing on You: Season 1,40
Japan,JP,2022-04-03,TV,8,Itaewon Class,Itaewon Class: Season 1,37
Japan,JP,2022-04-03,TV,9,Bridgerton,Bridgerton: Season 2,1
Japan,JP,2022-04-03,TV,10,The Blacklist,The Blacklist: Season 8,1
Japan,JP,2022-03-27,Films,1,Love Like the Falling Petals,,1
Japan,JP,2022-03-27,Films,2,Black Crab,,2
Japan,JP,2022-03-27,Films,3,John Wick: Chapter 3 - Parabellum,,1
Japan,JP,2022-03-27,Films,4,The Adam Project,,3
Japan,JP,2022-03-27,Films,5,Sing,,5
Japan,JP,2022-03-27,Films,6,Rescued by Ruby,,2
Japan,JP,2022-03-27,Films,7,Dolittle,,1
Japan,JP,2022-03-27,Films,8,Oblivion,,1
Japan,JP,2022-03-27,Films,9,Windfall,,1
Japan,JP,2022-03-27,Films,10,Rurouni Kenshin: The Beginning,,6
Japan,JP,2022-03-27,TV,1,Business Proposal,Business Proposal: Season 1,4
Japan,JP,2022-03-27,TV,2,Forecasting Love and Weather,Forecasting Love and Weather: Season 1,6
Japan,JP,2022-03-27,TV,3,Thirty-Nine,Thirty-Nine: Season 1,6
Japan,JP,2022-03-27,TV,4,Last One Standing,Last One Standing: Season 1,3
Japan,JP,2022-03-27,TV,5,Twenty Five Twenty One,Twenty Five Twenty One: Season 1,5
Japan,JP,2022-03-27,TV,6,Crash Landing on You,Crash Landing on You: Season 1,39
Japan,JP,2022-03-27,TV,7,The Cursed,,1
Japan,JP,2022-03-27,TV,8,Love (ft. Marriage and Divorce),Love (ft. Marriage and Divorce): Season 3,4
Japan,JP,2022-03-27,TV,9,Kotaro Lives Alone,Kotaro Lives Alone: Season 1,2
Japan,JP,2022-03-27,TV,10,Itaewon Class,Itaewon Class: Season 1,36
Japan,JP,2022-03-20,Films,1,The Adam Project,,2
Japan,JP,2022-03-20,Films,2,Black Crab,,1
Japan,JP,2022-03-20,Films,3,Black and Blue,,2
Japan,JP,2022-03-20,Films,4,Sing,,4
Japan,JP,2022-03-20,Films,5,Peppermint,,1
Japan,JP,2022-03-20,Films,6,A Quiet Place Part II,,2
Japan,JP,2022-03-20,Films,7,Rescued by Ruby,,1
Japan,JP,2022-03-20,Films,8,Rurouni Kenshin: The Beginning,,5
Japan,JP,2022-03-20,Films,9,Rurouni Kenshin: The Final,,8
Japan,JP,2022-03-20,Films,10,Parasite in Love,,1
Japan,JP,2022-03-20,TV,1,Last One Standing,Last One Standing: Season 1,2
Japan,JP,2022-03-20,TV,2,Forecasting Love and Weather,Forecasting Love and Weather: Season 1,5
Japan,JP,2022-03-20,TV,3,Thirty-Nine,Thirty-Nine: Season 1,5
Japan,JP,2022-03-20,TV,4,Business Proposal,Business Proposal: Season 1,3
Japan,JP,2022-03-20,TV,5,Kotaro Lives Alone,Kotaro Lives Alone: Season 1,1
Japan,JP,2022-03-20,TV,6,Twenty Five Twenty One,Twenty Five Twenty One: Season 1,4
Japan,JP,2022-03-20,TV,7,Juvenile Justice,Juvenile Justice: Season 1,4
Japan,JP,2022-03-20,TV,8,Crash Landing on You,Crash Landing on You: Season 1,38
Japan,JP,2022-03-20,TV,9,Love (ft. Marriage and Divorce),Love (ft. Marriage and Divorce): Season 3,3
Japan,JP,2022-03-20,TV,10,Itaewon Class,Itaewon Class: Season 1,35
Japan,JP,2022-03-13,Films,1,A Quiet Place Part II,,1
Japan,JP,2022-03-13,Films,2,The Adam Project,,1
Japan,JP,2022-03-13,Films,3,Wotakoi: Love is Hard for Otaku,,1
Japan,JP,2022-03-13,Films,4,Rurouni Kenshin: The Beginning,,4
Japan,JP,2022-03-13,Films,5,FullMetal Alchemist,,2
Japan,JP,2022-03-13,Films,6,The Pirates: The Last Royal Treasure,,2
Japan,JP,2022-03-13,Films,7,Black and Blue,,1
Japan,JP,2022-03-13,Films,8,Sing,,3
Japan,JP,2022-03-13,Films,9,The Weekend Away,,2
Japan,JP,2022-03-13,Films,10,The Negotiation,,2
Japan,JP,2022-03-13,TV,1,Last One Standing,Last One Standing: Season 1,1
Japan,JP,2022-03-13,TV,2,Juvenile Justice,Juvenile Justice: Season 1,3
Japan,JP,2022-03-13,TV,3,Forecasting Love and Weather,Forecasting Love and Weather: Season 1,4
Japan,JP,2022-03-13,TV,4,Business Proposal,Business Proposal: Season 1,2
Japan,JP,2022-03-13,TV,5,Crash Landing on You,Crash Landing on You: Season 1,37
Japan,JP,2022-03-13,TV,6,Twenty Five Twenty One,Twenty Five Twenty One: Season 1,3
Japan,JP,2022-03-13,TV,7,Thirty-Nine,Thirty-Nine: Season 1,4
Japan,JP,2022-03-13,TV,8,Fishbowl Wives,Fishbowl Wives: Season 1,4
Japan,JP,2022-03-13,TV,9,All of Us Are Dead,All of Us Are Dead: Season 1,7
Japan,JP,2022-03-13,TV,10,Love (ft. Marriage and Divorce),Love (ft. Marriage and Divorce): Season 3,2
Japan,JP,2022-03-06,Films,1,FullMetal Alchemist,,1
Japan,JP,2022-03-06,Films,2,Mortal Kombat,,2
Japan,JP,2022-03-06,Films,3,Rurouni Kenshin: The Beginning,,3
Japan,JP,2022-03-06,Films,4,The Pirates: The Last Royal Treasure,,1
Japan,JP,2022-03-06,Films,5,The Negotiation,,1
Japan,JP,2022-03-06,Films,6,The Weekend Away,,1
Japan,JP,2022-03-06,Films,7,Overlord,,1
Japan,JP,2022-03-06,Films,8,Rurouni Kenshin: The Final,,7
Japan,JP,2022-03-06,Films,9,Against The Ice,,1
Japan,JP,2022-03-06,Films,10,Hope,,2
Japan,JP,2022-03-06,TV,1,Juvenile Justice,Juvenile Justice: Season 1,2
Japan,JP,2022-03-06,TV,2,Forecasting Love and Weather,Forecasting Love and Weather: Season 1,3
Japan,JP,2022-03-06,TV,3,Thirty-Nine,Thirty-Nine: Season 1,3
Japan,JP,2022-03-06,TV,4,Fishbowl Wives,Fishbowl Wives: Season 1,3
Japan,JP,2022-03-06,TV,5,Crash Landing on You,Crash Landing on You: Season 1,36
Japan,JP,2022-03-06,TV,6,All of Us Are Dead,All of Us Are Dead: Season 1,6
Japan,JP,2022-03-06,TV,7,Twenty Five Twenty One,Twenty Five Twenty One: Season 1,2
Japan,JP,2022-03-06,TV,8,Itaewon Class,Itaewon Class: Season 1,34
Japan,JP,2022-03-06,TV,9,Business Proposal,Business Proposal: Season 1,1
Japan,JP,2022-03-06,TV,10,Love (ft. Marriage and Divorce),Love (ft. Marriage and Divorce): Season 3,1
Japan,JP,2022-02-27,Films,1,Rurouni Kenshin: The Beginning,,2
Japan,JP,2022-02-27,Films,2,Mortal Kombat,,1
Japan,JP,2022-02-27,Films,3,Hope,,1
Japan,JP,2022-02-27,Films,4,Rurouni Kenshin: The Final,,6
Japan,JP,2022-02-27,Films,5,Seventh Son,,2
Japan,JP,2022-02-27,Films,6,Texas Chainsaw Massacre,,2
Japan,JP,2022-02-27,Films,7,Charlie and the Chocolate Factory,,2
Japan,JP,2022-02-27,Films,8,Asakusa Kid,,11
Japan,JP,2022-02-27,Films,9,True Scary Story -Accident property entertainer-,,2
Japan,JP,2022-02-27,Films,10,Sunny: Our Hearts Beat Together,,1
Japan,JP,2022-02-27,TV,1,Fishbowl Wives,Fishbowl Wives: Season 1,2
Japan,JP,2022-02-27,TV,2,Forecasting Love and Weather,Forecasting Love and Weather: Season 1,2
Japan,JP,2022-02-27,TV,3,All of Us Are Dead,All of Us Are Dead: Season 1,5
Japan,JP,2022-02-27,TV,4,Thirty-Nine,Thirty-Nine: Season 1,2
Japan,JP,2022-02-27,TV,5,Crash Landing on You,Crash Landing on You: Season 1,35
Japan,JP,2022-02-27,TV,6,Love is Blind: Japan,Love is Blind: Japan: Season 1,3
Japan,JP,2022-02-27,TV,7,Juvenile Justice,Juvenile Justice: Season 1,1
Japan,JP,2022-02-27,TV,8,Itaewon Class,Itaewon Class: Season 1,33
Japan,JP,2022-02-27,TV,9,Twenty Five Twenty One,Twenty Five Twenty One: Season 1,1
Japan,JP,2022-02-27,TV,10,Our Beloved Summer,Our Beloved Summer: Season 1,11
Japan,JP,2022-02-20,Films,1,Love and Leashes,,2
Japan,JP,2022-02-20,Films,2,Texas Chainsaw Massacre,,1
Japan,JP,2022-02-20,Films,3,Rurouni Kenshin: The Beginning,,1
Japan,JP,2022-02-20,Films,4,Rurouni Kenshin: The Final,,5
Japan,JP,2022-02-20,Films,5,Stigmatized Properties,,3
Japan,JP,2022-02-20,Films,6,True Scary Story -Accident property entertainer-,,1
Japan,JP,2022-02-20,Films,7,Charlie and the Chocolate Factory,,1
Japan,JP,2022-02-20,Films,8,Fistful of Vengeance,,1
Japan,JP,2022-02-20,Films,9,Seventh Son,,1
Japan,JP,2022-02-20,Films,10,Don't Look Up,,9
Japan,JP,2022-02-20,TV,1,Fishbowl Wives,Fishbowl Wives: Season 1,1
Japan,JP,2022-02-20,TV,2,All of Us Are Dead,All of Us Are Dead: Season 1,4
Japan,JP,2022-02-20,TV,3,Demon Slayer: Kimetsu no Yaiba,Demon Slayer: Kimetsu no Yaiba: Entertainment District Arc,11
Japan,JP,2022-02-20,TV,4,Crash Landing on You,Crash Landing on You: Season 1,34
Japan,JP,2022-02-20,TV,5,Forecasting Love and Weather,Forecasting Love and Weather: Season 1,1
Japan,JP,2022-02-20,TV,6,Love is Blind: Japan,Love is Blind: Japan: Season 1,2
Japan,JP,2022-02-20,TV,7,Thirty-Nine,Thirty-Nine: Season 1,1
Japan,JP,2022-02-20,TV,8,Our Beloved Summer,Our Beloved Summer: Season 1,10
Japan,JP,2022-02-20,TV,9,Itaewon Class,Itaewon Class: Season 1,32
Japan,JP,2022-02-20,TV,10,Inventing Anna,Inventing Anna: Limited Series,1
Japan,JP,2022-02-13,Films,1,Stigmatized Properties,,2
Japan,JP,2022-02-13,Films,2,Rurouni Kenshin: The Final,,4
Japan,JP,2022-02-13,Films,3,Love and Leashes,,1
Japan,JP,2022-02-13,Films,4,Child of Kamiari Month,,1
Japan,JP,2022-02-13,Films,5,It’s Your Fault That My Heart Beats,,2
Japan,JP,2022-02-13,Films,6,The Privilege,,1
Japan,JP,2022-02-13,Films,7,The Tinder Swindler,,1
Japan,JP,2022-02-13,Films,8,Mission: Impossible III,,2
Japan,JP,2022-02-13,Films,9,Don't Look Up,,8
Japan,JP,2022-02-13,Films,10,Asakusa Kid,,10
Japan,JP,2022-02-13,TV,1,All of Us Are Dead,All of Us Are Dead: Season 1,3
Japan,JP,2022-02-13,TV,2,Crash Landing on You,Crash Landing on You: Season 1,33
Japan,JP,2022-02-13,TV,3,Demon Slayer: Kimetsu no Yaiba,Demon Slayer: Kimetsu no Yaiba: Entertainment District Arc,10
Japan,JP,2022-02-13,TV,4,Avalanche,Avalanche: Season 1,2
Japan,JP,2022-02-13,TV,5,Our Beloved Summer,Our Beloved Summer: Season 1,9
Japan,JP,2022-02-13,TV,6,Itaewon Class,Itaewon Class: Season 1,31
Japan,JP,2022-02-13,TV,7,Love is Blind: Japan,Love is Blind: Japan: Season 1,1
Japan,JP,2022-02-13,TV,8,"Banished from the Hero's Party, I Decided to Live a Quiet Life in the Countryside","Banished from the Hero's Party, I Decided to Live a Quiet Life in the Countryside: Season 1",2
Japan,JP,2022-02-13,TV,9,The King's Affection,The King's Affection: Season 1,17
Japan,JP,2022-02-13,TV,10,Squid Game,Squid Game: Season 1,18
Japan,JP,2022-02-06,Films,1,Stigmatized Properties,,1
Japan,JP,2022-02-06,Films,2,Rurouni Kenshin: The Final,,3
Japan,JP,2022-02-06,Films,3,It’s Your Fault That My Heart Beats,,1
Japan,JP,2022-02-06,Films,4,Intolerance,,2
Japan,JP,2022-02-06,Films,5,"Love Me, Love Me Not",,3
Japan,JP,2022-02-06,Films,6,Asakusa Kid,,9
Japan,JP,2022-02-06,Films,7,Mission: Impossible III,,1
Japan,JP,2022-02-06,Films,8,Don't Look Up,,7
Japan,JP,2022-02-06,Films,9,The Spy Gone North,,1
Japan,JP,2022-02-06,Films,10,Home Team,,1
Japan,JP,2022-02-06,TV,1,All of Us Are Dead,All of Us Are Dead: Season 1,2
Japan,JP,2022-02-06,TV,2,Our Beloved Summer,Our Beloved Summer: Season 1,8
Japan,JP,2022-02-06,TV,3,Demon Slayer: Kimetsu no Yaiba,Demon Slayer: Kimetsu no Yaiba: Entertainment District Arc,9
Japan,JP,2022-02-06,TV,4,Crash Landing on You,Crash Landing on You: Season 1,32
Japan,JP,2022-02-06,TV,5,"Banished from the Hero's Party, I Decided to Live a Quiet Life in the Countryside","Banished from the Hero's Party, I Decided to Live a Quiet Life in the Countryside: Season 1",1
Japan,JP,2022-02-06,TV,6,Itaewon Class,Itaewon Class: Season 1,30
Japan,JP,2022-02-06,TV,7,Avalanche,Avalanche: Season 1,1
Japan,JP,2022-02-06,TV,8,Single’s Inferno,Single’s Inferno: Season 1,5
Japan,JP,2022-02-06,TV,9,Dr. Romantic,Dr. Romantic: Season 1,4
Japan,JP,2022-02-06,TV,10,Golden Kamuy,Golden Kamuy: Season 3,1
Japan,JP,2022-01-30,Films,1,Rurouni Kenshin: The Final,,2
Japan,JP,2022-01-30,Films,2,Intolerance,,1
Japan,JP,2022-01-30,Films,3,"Love Me, Love Me Not",,2
Japan,JP,2022-01-30,Films,4,Asakusa Kid,,8
Japan,JP,2022-01-30,Films,5,Escape from Pretoria,,1
Japan,JP,2022-01-30,Films,6,The Divine Fury,,2
Japan,JP,2022-01-30,Films,7,Don't Look Up,,6
Japan,JP,2022-01-30,Films,8,The Royal Treatment,,1
Japan,JP,2022-01-30,Films,9,Spider-Man: Far from Home,,5
Japan,JP,2022-01-30,Films,10,Rurouni Kenshin: Origins,,1
Japan,JP,2022-01-30,TV,1,All of Us Are Dead,All of Us Are Dead: Season 1,1
Japan,JP,2022-01-30,TV,2,Our Beloved Summer,Our Beloved Summer: Season 1,7
Japan,JP,2022-01-30,TV,3,Demon Slayer: Kimetsu no Yaiba,Demon Slayer: Kimetsu no Yaiba: Entertainment District Arc,8
Japan,JP,2022-01-30,TV,4,Crash Landing on You,Crash Landing on You: Season 1,31
Japan,JP,2022-01-30,TV,5,Single’s Inferno,Single’s Inferno: Season 1,4
Japan,JP,2022-01-30,TV,6,The Journalist,The Journalist: Season 1,3
Japan,JP,2022-01-30,TV,7,Dr. Romantic,Dr. Romantic: Season 1,3
Japan,JP,2022-01-30,TV,8,Itaewon Class,Itaewon Class: Season 1,29
Japan,JP,2022-01-30,TV,9,Beautiful Gong Shim,Beautiful Gong Shim: Season 1,3
Japan,JP,2022-01-30,TV,10,The King's Affection,The King's Affection: Season 1,16
Japan,JP,2022-01-23,Films,1,Rurouni Kenshin: The Final,,1
Japan,JP,2022-01-23,Films,2,The Divine Fury,,1
Japan,JP,2022-01-23,Films,3,Dynasty Warriors,,1
Japan,JP,2022-01-23,Films,4,"Love Me, Love Me Not",,1
Japan,JP,2022-01-23,Films,5,Asakusa Kid,,7
Japan,JP,2022-01-23,Films,6,Don't Look Up,,5
Japan,JP,2022-01-23,Films,7,John Wick: Chapter 2,,2
Japan,JP,2022-01-23,Films,8,Spider-Man: Far from Home,,4
Japan,JP,2022-01-23,Films,9,The Great War of Archimedes,,2
Japan,JP,2022-01-23,Films,10,John Wick,,2
Japan,JP,2022-01-23,TV,1,The Journalist,The Journalist: Season 1,2
Japan,JP,2022-01-23,TV,2,Our Beloved Summer,Our Beloved Summer: Season 1,6
Japan,JP,2022-01-23,TV,3,Single’s Inferno,Single’s Inferno: Season 1,3
Japan,JP,2022-01-23,TV,4,Dr. Romantic,Dr. Romantic: Season 1,2
Japan,JP,2022-01-23,TV,5,Demon Slayer: Kimetsu no Yaiba,Demon Slayer: Kimetsu no Yaiba: Entertainment District Arc,7
Japan,JP,2022-01-23,TV,6,Crash Landing on You,Crash Landing on You: Season 1,30
Japan,JP,2022-01-23,TV,7,Beautiful Gong Shim,Beautiful Gong Shim: Season 1,2
Japan,JP,2022-01-23,TV,8,Itaewon Class,Itaewon Class: Season 1,28
Japan,JP,2022-01-23,TV,9,Jujutsu Kaisen,Jujutsu Kaisen: Season 1,5
Japan,JP,2022-01-23,TV,10,The King's Affection,The King's Affection: Season 1,15
Japan,JP,2022-01-16,Films,1,The Great War of Archimedes,,1
Japan,JP,2022-01-16,Films,2,Asakusa Kid,,6
Japan,JP,2022-01-16,Films,3,Don't Look Up,,4
Japan,JP,2022-01-16,Films,4,Fantastic Beasts: The Crimes of Grindelwald,,2
Japan,JP,2022-01-16,Films,5,Fantastic Beasts and Where To Find Them,,2
Japan,JP,2022-01-16,Films,6,Spider-Man: Far from Home,,3
Japan,JP,2022-01-16,Films,7,The Little Things,,2
Japan,JP,2022-01-16,Films,8,John Wick: Chapter 2,,1
Japan,JP,2022-01-16,Films,9,John Wick,,1
Japan,JP,2022-01-16,Films,10,Mother/Android,,1
Japan,JP,2022-01-16,TV,1,Single’s Inferno,Single’s Inferno: Season 1,2
Japan,JP,2022-01-16,TV,2,Dr. Romantic,Dr. Romantic: Season 1,1
Japan,JP,2022-01-16,TV,3,Our Beloved Summer,Our Beloved Summer: Season 1,5
Japan,JP,2022-01-16,TV,4,Jujutsu Kaisen,Jujutsu Kaisen: Season 1,4
Japan,JP,2022-01-16,TV,5,Demon Slayer: Kimetsu no Yaiba,Demon Slayer: Kimetsu no Yaiba: Entertainment District Arc,6
Japan,JP,2022-01-16,TV,6,The Journalist,The Journalist: Season 1,1
Japan,JP,2022-01-16,TV,7,Crash Landing on You,Crash Landing on You: Season 1,29
Japan,JP,2022-01-16,TV,8,Beautiful Gong Shim,Beautiful Gong Shim: Season 1,1
Japan,JP,2022-01-16,TV,9,Itaewon Class,Itaewon Class: Season 1,27
Japan,JP,2022-01-16,TV,10,The King's Affection,The King's Affection: Season 1,14
Japan,JP,2022-01-09,Films,1,Asakusa Kid,,5
Japan,JP,2022-01-09,Films,2,Don't Look Up,,3
Japan,JP,2022-01-09,Films,3,Fantastic Beasts and Where To Find Them,,1
Japan,JP,2022-01-09,Films,4,Fantastic Beasts: The Crimes of Grindelwald,,1
Japan,JP,2022-01-09,Films,5,The Little Things,,1
Japan,JP,2022-01-09,Films,6,Blumhouse's Fantasy Island,,1
Japan,JP,2022-01-09,Films,7,"Kiss Him, Not Me",,1
Japan,JP,2022-01-09,Films,8,King Arthur: Legend of the Sword,,1
Japan,JP,2022-01-09,Films,9,Spider-Man: Far from Home,,2
Japan,JP,2022-01-09,Films,10,Iron Man,,1
Japan,JP,2022-01-09,TV,1,Jujutsu Kaisen,Jujutsu Kaisen: Season 1,3
Japan,JP,2022-01-09,TV,2,Single’s Inferno,Single’s Inferno: Season 1,1
Japan,JP,2022-01-09,TV,3,Crash Landing on You,Crash Landing on You: Season 1,28
Japan,JP,2022-01-09,TV,4,Our Beloved Summer,Our Beloved Summer: Season 1,4
Japan,JP,2022-01-09,TV,5,Demon Slayer: Kimetsu no Yaiba,Demon Slayer: Kimetsu no Yaiba: Entertainment District Arc,5
Japan,JP,2022-01-09,TV,6,Squid Game,Squid Game: Season 1,17
Japan,JP,2022-01-09,TV,7,The King's Affection,The King's Affection: Season 1,13
Japan,JP,2022-01-09,TV,8,Itaewon Class,Itaewon Class: Season 1,26
Japan,JP,2022-01-09,TV,9,ONE PIECE,ONE PIECE: Wano Country (Ep.892 - Ep.1000),6
Japan,JP,2022-01-09,TV,10,The Crowned Clown,,1
Japan,JP,2022-01-02,Films,1,Don't Look Up,,2
Japan,JP,2022-01-02,Films,2,Asakusa Kid,,4
Japan,JP,2022-01-02,Films,3,THE FABLE,,3
Japan,JP,2022-01-02,Films,4,Liar × Liar,,3
Japan,JP,2022-01-02,Films,5,Along with the Gods: The Two Worlds,,2
Japan,JP,2022-01-02,Films,6,Diner,,1
Japan,JP,2022-01-02,Films,7,Red Notice,,7
Japan,JP,2022-01-02,Films,8,Along with the Gods: The Last 49 Days,,1
Japan,JP,2022-01-02,Films,9,The Unforgivable,,4
Japan,JP,2022-01-02,Films,10,Spider-Man: Far from Home,,1
Japan,JP,2022-01-02,TV,1,Jujutsu Kaisen,Jujutsu Kaisen: Season 1,2
Japan,JP,2022-01-02,TV,2,Squid Game,Squid Game: Season 1,16
Japan,JP,2022-01-02,TV,3,The Silent Sea,The Silent Sea: Season 1,1
Japan,JP,2022-01-02,TV,4,Demon Slayer: Kimetsu no Yaiba,Demon Slayer: Kimetsu no Yaiba: Entertainment District Arc,4
Japan,JP,2022-01-02,TV,5,The King's Affection,The King's Affection: Season 1,12
Japan,JP,2022-01-02,TV,6,Crash Landing on You,Crash Landing on You: Season 1,27
Japan,JP,2022-01-02,TV,7,Our Beloved Summer,Our Beloved Summer: Season 1,3
Japan,JP,2022-01-02,TV,8,ONE PIECE,ONE PIECE: Wano Country (Ep.892 - Ep.1000),5
Japan,JP,2022-01-02,TV,9,Spirit Chronicles,Spirit Chronicles: Season 1,1
Japan,JP,2022-01-02,TV,10,Emily in Paris,Emily in Paris: Season 2,2
Japan,JP,2021-12-26,Films,1,Asakusa Kid,,3
Japan,JP,2021-12-26,Films,2,Don't Look Up,,1
Japan,JP,2021-12-26,Films,3,THE FABLE,,2
Japan,JP,2021-12-26,Films,4,Liar × Liar,,2
Japan,JP,2021-12-26,Films,5,Along with the Gods: The Two Worlds,,1
Japan,JP,2021-12-26,Films,6,The Matrix,,3
Japan,JP,2021-12-26,Films,7,Us,,1
Japan,JP,2021-12-26,Films,8,The Unforgivable,,3
Japan,JP,2021-12-26,Films,9,The Matrix Reloaded,,1
Japan,JP,2021-12-26,Films,10,Silver Spoon,,1
Japan,JP,2021-12-26,TV,1,The King's Affection,The King's Affection: Season 1,11
Japan,JP,2021-12-26,TV,2,ONE PIECE,ONE PIECE: Wano Country (Ep.892 - Ep.1000),4
Japan,JP,2021-12-26,TV,3,Demon Slayer: Kimetsu no Yaiba,Demon Slayer: Kimetsu no Yaiba: Entertainment District Arc,3
Japan,JP,2021-12-26,TV,4,Emily in Paris,Emily in Paris: Season 2,1
Japan,JP,2021-12-26,TV,5,Jujutsu Kaisen,Jujutsu Kaisen: Season 1,1
Japan,JP,2021-12-26,TV,6,Squid Game,Squid Game: Season 1,15
Japan,JP,2021-12-26,TV,7,Our Beloved Summer,Our Beloved Summer: Season 1,2
Japan,JP,2021-12-26,TV,8,Crash Landing on You,Crash Landing on You: Season 1,26
Japan,JP,2021-12-26,TV,9,The Witcher,The Witcher: Season 2,1
Japan,JP,2021-12-26,TV,10,Itaewon Class,Itaewon Class: Season 1,25
Japan,JP,2021-12-19,Films,1,Asakusa Kid,,2
Japan,JP,2021-12-19,Films,2,THE FABLE,,1
Japan,JP,2021-12-19,Films,3,The Unforgivable,,2
Japan,JP,2021-12-19,Films,4,The Matrix,,2
Japan,JP,2021-12-19,Films,5,Back to the Outback,,1
Japan,JP,2021-12-19,Films,6,Liar × Liar,,1
Japan,JP,2021-12-19,Films,7,Anna,,3
Japan,JP,2021-12-19,Films,8,Masked Ward,,3
Japan,JP,2021-12-19,Films,9,Red Notice,,6
Japan,JP,2021-12-19,Films,10,Clover,,1
Japan,JP,2021-12-19,TV,1,The King's Affection,The King's Affection: Season 1,10
Japan,JP,2021-12-19,TV,2,ONE PIECE,ONE PIECE: Wano Country (Ep.892 - Ep.1000),3
Japan,JP,2021-12-19,TV,3,JAPAN SINKS: People of Hope,JAPAN SINKS: People of Hope: Season 1,6
Japan,JP,2021-12-19,TV,4,Demon Slayer: Kimetsu no Yaiba,Demon Slayer: Kimetsu no Yaiba: Entertainment District Arc,2
Japan,JP,2021-12-19,TV,5,Squid Game,Squid Game: Season 1,14
Japan,JP,2021-12-19,TV,6,Crash Landing on You,Crash Landing on You: Season 1,25
Japan,JP,2021-12-19,TV,7,JoJo's Bizarre Adventure,JoJo's Bizarre Adventure: STONE OCEAN,3
Japan,JP,2021-12-19,TV,8,Itaewon Class,Itaewon Class: Season 1,24
Japan,JP,2021-12-19,TV,9,Our Beloved Summer,Our Beloved Summer: Season 1,1
Japan,JP,2021-12-19,TV,10,Mushoku Tensei: Jobless Reincarnation,Mushoku Tensei: Jobless Reincarnation: Season 1,2
Japan,JP,2021-12-12,Films,1,Asakusa Kid,,1
Japan,JP,2021-12-12,Films,2,Masked Ward,,2
Japan,JP,2021-12-12,Films,3,The Unforgivable,,1
Japan,JP,2021-12-12,Films,4,Anna,,2
Japan,JP,2021-12-12,Films,5,The Outlaws,,1
Japan,JP,2021-12-12,Films,6,Red Notice,,5
Japan,JP,2021-12-12,Films,7,Brothers in Brothel,,1
Japan,JP,2021-12-12,Films,8,Kiba: The Fangs of Fiction,,3
Japan,JP,2021-12-12,Films,9,Ma,,1
Japan,JP,2021-12-12,Films,10,1917,,1
Japan,JP,2021-12-12,TV,1,ONE PIECE,ONE PIECE: Wano Country (Ep.892 - Ep.1000),2
Japan,JP,2021-12-12,TV,2,The King's Affection,The King's Affection: Season 1,9
Japan,JP,2021-12-12,TV,3,JoJo's Bizarre Adventure,JoJo's Bizarre Adventure: STONE OCEAN,2
Japan,JP,2021-12-12,TV,4,Demon Slayer: Kimetsu no Yaiba,Demon Slayer: Kimetsu no Yaiba: Entertainment District Arc,1
Japan,JP,2021-12-12,TV,5,Squid Game,Squid Game: Season 1,13
Japan,JP,2021-12-12,TV,6,One Outs,One Outs: season 1,1
Japan,JP,2021-12-12,TV,7,Crash Landing on You,Crash Landing on You: Season 1,24
Japan,JP,2021-12-12,TV,8,The Promised Neverland,The Promised Neverland: Season 2,1
Japan,JP,2021-12-12,TV,9,The Secret Life of My Secretary,,2
Japan,JP,2021-12-12,TV,10,JAPAN SINKS: People of Hope,JAPAN SINKS: People of Hope: Season 1,5
Japan,JP,2021-12-05,Films,1,Kiba: The Fangs of Fiction,,2
Japan,JP,2021-12-05,Films,2,Masked Ward,,1
Japan,JP,2021-12-05,Films,3,Red Notice,,4
Japan,JP,2021-12-05,Films,4,Anna,,1
Japan,JP,2021-12-05,Films,5,XXX: State of the Union,,1
Japan,JP,2021-12-05,Films,6,Jack Reacher: Never Go Back,,2
Japan,JP,2021-12-05,Films,7,A Boy Called Christmas,,1
Japan,JP,2021-12-05,Films,8,The Night Beyond the Tricornered Window,,1
Japan,JP,2021-12-05,Films,9,Sing,,2
Japan,JP,2021-12-05,Films,10,Blade: Trinity,,1
Japan,JP,2021-12-05,TV,1,JoJo's Bizarre Adventure,JoJo's Bizarre Adventure: STONE OCEAN,1
Japan,JP,2021-12-05,TV,2,The King's Affection,The King's Affection: Season 1,8
Japan,JP,2021-12-05,TV,3,ONE PIECE,ONE PIECE: Wano Country (Ep.892 - Ep.1000),1
Japan,JP,2021-12-05,TV,4,Hellbound,Hellbound: Season 1,3
Japan,JP,2021-12-05,TV,5,Squid Game,Squid Game: Season 1,12
Japan,JP,2021-12-05,TV,6,Crash Landing on You,Crash Landing on You: Season 1,23
Japan,JP,2021-12-05,TV,7,The Secret Life of My Secretary,,1
Japan,JP,2021-12-05,TV,8,Touch Your Heart,,5
Japan,JP,2021-12-05,TV,9,Itaewon Class,Itaewon Class: Season 1,23
Japan,JP,2021-12-05,TV,10,JAPAN SINKS: People of Hope,JAPAN SINKS: People of Hope: Season 1,4
Japan,JP,2021-11-28,Films,1,Red Notice,,3
Japan,JP,2021-11-28,Films,2,Jack Reacher: Never Go Back,,1
Japan,JP,2021-11-28,Films,3,Tom and Jerry,,2
Japan,JP,2021-11-28,Films,4,Gantz II: Perfect Answer,,1
Japan,JP,2021-11-28,Films,5,Kiba: The Fangs of Fiction,,1
Japan,JP,2021-11-28,Films,6,Sing,,1
Japan,JP,2021-11-28,Films,7,The Seven Deadly Sins: Cursed by Light,,1
Japan,JP,2021-11-28,Films,8,Gantz,,1
Japan,JP,2021-11-28,Films,9,The Voice of Sin,,4
Japan,JP,2021-11-28,Films,10,Jack Reacher,,1
Japan,JP,2021-11-28,TV,1,Hellbound,Hellbound: Season 1,2
Japan,JP,2021-11-28,TV,2,The King's Affection,The King's Affection: Season 1,7
Japan,JP,2021-11-28,TV,3,Squid Game,Squid Game: Season 1,11
Japan,JP,2021-11-28,TV,4,Touch Your Heart,,4
Japan,JP,2021-11-28,TV,5,Crash Landing on You,Crash Landing on You: Season 1,22
Japan,JP,2021-11-28,TV,6,My Sassy Girl,My Sassy Girl: Season 1,1
Japan,JP,2021-11-28,TV,7,Itaewon Class,Itaewon Class: Season 1,22
Japan,JP,2021-11-28,TV,8,Hometown Cha-Cha-Cha,Hometown Cha-Cha-Cha: Season 1,13
Japan,JP,2021-11-28,TV,9,JAPAN SINKS: People of Hope,JAPAN SINKS: People of Hope: Season 1,3
Japan,JP,2021-11-28,TV,10,Cowboy Bebop,Cowboy Bebop: Season 1,1
Japan,JP,2021-11-21,Films,1,Red Notice,,2
Japan,JP,2021-11-21,Films,2,Tom and Jerry,,1
Japan,JP,2021-11-21,Films,3,R.I.P.D.,,1
Japan,JP,2021-11-21,Films,4,The Voice of Sin,,3
Japan,JP,2021-11-21,Films,5,Jason Bourne,,1
Japan,JP,2021-11-21,Films,6,"The Gangster, The Cop, The Devil",,2
Japan,JP,2021-11-21,Films,7,Mission: Impossible - Ghost Protocol,,1
Japan,JP,2021-11-21,Films,8,Bloodshot,,2
Japan,JP,2021-11-21,Films,9,Central Intelligence,,1
Japan,JP,2021-11-21,Films,10,Drowning Love,,1
Japan,JP,2021-11-21,TV,1,Squid Game,Squid Game: Season 1,10
Japan,JP,2021-11-21,TV,2,The King's Affection,The King's Affection: Season 1,6
Japan,JP,2021-11-21,TV,3,Touch Your Heart,,3
Japan,JP,2021-11-21,TV,4,Hellbound,Hellbound: Season 1,1
Japan,JP,2021-11-21,TV,5,Crash Landing on You,Crash Landing on You: Season 1,21
Japan,JP,2021-11-21,TV,6,dororo,dororo: Season 1,1
Japan,JP,2021-11-21,TV,7,Itaewon Class,Itaewon Class: Season 1,21
Japan,JP,2021-11-21,TV,8,Hometown Cha-Cha-Cha,Hometown Cha-Cha-Cha: Season 1,12
Japan,JP,2021-11-21,TV,9,My Name,My Name: Season 1,6
Japan,JP,2021-11-21,TV,10,JAPAN SINKS: People of Hope,JAPAN SINKS: People of Hope: Season 1,2
Japan,JP,2021-11-14,Films,1,Red Notice,,1
Japan,JP,2021-11-14,Films,2,The Voice of Sin,,2
Japan,JP,2021-11-14,Films,3,Bloodshot,,1
Japan,JP,2021-11-14,Films,4,"The Gangster, The Cop, The Devil",,1
Japan,JP,2021-11-14,Films,5,We Couldn't Become Adults,,2
Japan,JP,2021-11-14,Films,6,Escape Room,,2
Japan,JP,2021-11-14,Films,7,Iwane: Sword of Serenity,,1
Japan,JP,2021-11-14,Films,8,Army of Thieves,,3
Japan,JP,2021-11-14,Films,9,Love Hard,,1
Japan,JP,2021-11-14,Films,10,Transformers: The Last Knight,,2
Japan,JP,2021-11-14,TV,1,Squid Game,Squid Game: Season 1,9
Japan,JP,2021-11-14,TV,2,Touch Your Heart,,2
Japan,JP,2021-11-14,TV,3,The King's Affection,The King's Affection: Season 1,5
Japan,JP,2021-11-14,TV,4,My Name,My Name: Season 1,5
Japan,JP,2021-11-14,TV,5,Crash Landing on You,Crash Landing on You: Season 1,20
Japan,JP,2021-11-14,TV,6,Hometown Cha-Cha-Cha,Hometown Cha-Cha-Cha: Season 1,11
Japan,JP,2021-11-14,TV,7,My Love Story!!,My Love Story!!: Season 1,2
Japan,JP,2021-11-14,TV,8,Itaewon Class,Itaewon Class: Season 1,20
Japan,JP,2021-11-14,TV,9,Search WWW,,2
Japan,JP,2021-11-14,TV,10,Mushoku Tensei: Jobless Reincarnation,Mushoku Tensei: Jobless Reincarnation: Season 1,1
Japan,JP,2021-11-07,Films,1,The Voice of Sin,,1
Japan,JP,2021-11-07,Films,2,Army of Thieves,,2
Japan,JP,2021-11-07,Films,3,Transformers: The Last Knight,,1
Japan,JP,2021-11-07,Films,4,461 Days of Bento,,1
Japan,JP,2021-11-07,Films,5,Escape Room,,1
Japan,JP,2021-11-07,Films,6,The Harder They Fall,,1
Japan,JP,2021-11-07,Films,7,We Couldn't Become Adults,,1
Japan,JP,2021-11-07,Films,8,Geostorm,,2
Japan,JP,2021-11-07,Films,9,Romeo Must Die,,1
Japan,JP,2021-11-07,Films,10,Fast & Furious Presents: Hobbs & Shaw,,4
Japan,JP,2021-11-07,TV,1,Squid Game,Squid Game: Season 1,8
Japan,JP,2021-11-07,TV,2,My Name,My Name: Season 1,4
Japan,JP,2021-11-07,TV,3,The King's Affection,The King's Affection: Season 1,4
Japan,JP,2021-11-07,TV,4,Hometown Cha-Cha-Cha,Hometown Cha-Cha-Cha: Season 1,10
Japan,JP,2021-11-07,TV,5,How to Eliminate My Teacher,How to Eliminate My Teacher: Season 1,1
Japan,JP,2021-11-07,TV,6,Crash Landing on You,Crash Landing on You: Season 1,19
Japan,JP,2021-11-07,TV,7,My Love Story!!,My Love Story!!: Season 1,1
Japan,JP,2021-11-07,TV,8,Itaewon Class,Itaewon Class: Season 1,19
Japan,JP,2021-11-07,TV,9,Search WWW,,1
Japan,JP,2021-11-07,TV,10,Touch Your Heart,,1
Japan,JP,2021-10-31,Films,1,Geostorm,,1
Japan,JP,2021-10-31,Films,2,Army of Thieves,,1
Japan,JP,2021-10-31,Films,3,Fast & Furious Presents: Hobbs & Shaw,,3
Japan,JP,2021-10-31,Films,4,Homme Fatale,,1
Japan,JP,2021-10-31,Films,5,Night Teeth,,2
Japan,JP,2021-10-31,Films,6,Mobile Suit Gundam Hathaway,,3
Japan,JP,2021-10-31,Films,7,Flip a Coin -ONE OK ROCK Documentary-,,2
Japan,JP,2021-10-31,Films,8,STAND BY ME Doraemon 2,,5
Japan,JP,2021-10-31,Films,9,Downsizing,,4
Japan,JP,2021-10-31,Films,10,Hit Me Anyone One More Time!,,3
Japan,JP,2021-10-31,TV,1,Squid Game,Squid Game: Season 1,7
Japan,JP,2021-10-31,TV,2,My Name,My Name: Season 1,3
Japan,JP,2021-10-31,TV,3,Hometown Cha-Cha-Cha,Hometown Cha-Cha-Cha: Season 1,9
Japan,JP,2021-10-31,TV,4,The King's Affection,The King's Affection: Season 1,3
Japan,JP,2021-10-31,TV,5,Crash Landing on You,Crash Landing on You: Season 1,18
Japan,JP,2021-10-31,TV,6,Kotaro Lives Alone,Kotaro Lives Alone: Season 1,1
Japan,JP,2021-10-31,TV,7,7 Secretaries,7 Secretaries: Season 1,1
Japan,JP,2021-10-31,TV,8,Itaewon Class,Itaewon Class: Season 1,18
Japan,JP,2021-10-31,TV,9,Her Private Life,Her Private Life: Season 1,5
Japan,JP,2021-10-31,TV,10,Demon Slayer: Kimetsu no Yaiba,Demon Slayer: Kimetsu no Yaiba: Mugen Train Arc,3
Japan,JP,2021-10-24,Films,1,Mobile Suit Gundam Hathaway,,2
Japan,JP,2021-10-24,Films,2,Fast & Furious Presents: Hobbs & Shaw,,2
Japan,JP,2021-10-24,Films,3,Flip a Coin -ONE OK ROCK Documentary-,,1
Japan,JP,2021-10-24,Films,4,Night Teeth,,1
Japan,JP,2021-10-24,Films,5,Hit Me Anyone One More Time!,,2
Japan,JP,2021-10-24,Films,6,The Forgotten Battle,,1
Japan,JP,2021-10-24,Films,7,STAND BY ME Doraemon 2,,4
Japan,JP,2021-10-24,Films,8,Downsizing,,3
Japan,JP,2021-10-24,Films,9,Trial by Fire,,1
Japan,JP,2021-10-24,Films,10,The Secret Life of Pets 2,,3
Japan,JP,2021-10-24,TV,1,Squid Game,Squid Game: Season 1,6
Japan,JP,2021-10-24,TV,2,Hometown Cha-Cha-Cha,Hometown Cha-Cha-Cha: Season 1,8
Japan,JP,2021-10-24,TV,3,My Name,My Name: Season 1,2
Japan,JP,2021-10-24,TV,4,Crash Landing on You,Crash Landing on You: Season 1,17
Japan,JP,2021-10-24,TV,5,Her Private Life,Her Private Life: Season 1,4
Japan,JP,2021-10-24,TV,6,The King's Affection,The King's Affection: Season 1,2
Japan,JP,2021-10-24,TV,7,Itaewon Class,Itaewon Class: Season 1,17
Japan,JP,2021-10-24,TV,8,You,You: Season 3,1
Japan,JP,2021-10-24,TV,9,Demon Slayer: Kimetsu no Yaiba,Demon Slayer: Kimetsu no Yaiba: Mugen Train Arc,2
Japan,JP,2021-10-24,TV,10,JAPAN SINKS: People of Hope,JAPAN SINKS: People of Hope: Season 1,1
Japan,JP,2021-10-17,Films,1,Fast & Furious Presents: Hobbs & Shaw,,1
Japan,JP,2021-10-17,Films,2,Mobile Suit Gundam Hathaway,,1
Japan,JP,2021-10-17,Films,3,STAND BY ME Doraemon 2,,3
Japan,JP,2021-10-17,Films,4,Downsizing,,2
Japan,JP,2021-10-17,Films,5,The Secret Life of Pets 2,,2
Japan,JP,2021-10-17,Films,6,Hit Me Anyone One More Time!,,1
Japan,JP,2021-10-17,Films,7,Knight and Day,,2
Japan,JP,2021-10-17,Films,8,21 Bridges,,1
Japan,JP,2021-10-17,Films,9,Mr. & Mrs. Smith,,2
Japan,JP,2021-10-17,Films,10,Security,,1
Japan,JP,2021-10-17,TV,1,Squid Game,Squid Game: Season 1,5
Japan,JP,2021-10-17,TV,2,Hometown Cha-Cha-Cha,Hometown Cha-Cha-Cha: Season 1,7
Japan,JP,2021-10-17,TV,3,Her Private Life,Her Private Life: Season 1,3
Japan,JP,2021-10-17,TV,4,My Name,My Name: Season 1,1
Japan,JP,2021-10-17,TV,5,Crash Landing on You,Crash Landing on You: Season 1,16
Japan,JP,2021-10-17,TV,6,Itaewon Class,Itaewon Class: Season 1,16
Japan,JP,2021-10-17,TV,7,Demon Slayer: Kimetsu no Yaiba,Demon Slayer: Kimetsu no Yaiba: Mugen Train Arc,1
Japan,JP,2021-10-17,TV,8,Baki Hanma,Baki Hanma: Season 1,3
Japan,JP,2021-10-17,TV,9,The King's Affection,The King's Affection: Season 1,1
Japan,JP,2021-10-17,TV,10,Monster,Monster: Season 1,2
Japan,JP,2021-10-10,Films,1,STAND BY ME Doraemon 2,,2
Japan,JP,2021-10-10,Films,2,The Guilty,,2
Japan,JP,2021-10-10,Films,3,The Secret Life of Pets 2,,1
Japan,JP,2021-10-10,Films,4,Sword Art Online the Movie: Ordinal Scale,,2
Japan,JP,2021-10-10,Films,5,STAND BY ME Doraemon,,2
Japan,JP,2021-10-10,Films,6,Bad Boys for Life,,2
Japan,JP,2021-10-10,Films,7,Downsizing,,1
Japan,JP,2021-10-10,Films,8,Knight and Day,,1
Japan,JP,2021-10-10,Films,9,Mr. & Mrs. Smith,,1
Japan,JP,2021-10-10,Films,10,Heat,,1
Japan,JP,2021-10-10,TV,1,Squid Game,Squid Game: Season 1,4
Japan,JP,2021-10-10,TV,2,Hometown Cha-Cha-Cha,Hometown Cha-Cha-Cha: Season 1,6
Japan,JP,2021-10-10,TV,3,Her Private Life,Her Private Life: Season 1,2
Japan,JP,2021-10-10,TV,4,Baki Hanma,Baki Hanma: Season 1,2
Japan,JP,2021-10-10,TV,5,Crash Landing on You,Crash Landing on You: Season 1,15
Japan,JP,2021-10-10,TV,6,Itaewon Class,Itaewon Class: Season 1,15
Japan,JP,2021-10-10,TV,7,Monster,Monster: Season 1,1
Japan,JP,2021-10-10,TV,8,Mahjong Legend Akagi: The Genius Who Descended Into the Darkness,Mahjong Legend Akagi: The Genius Who Descended Into the Darkness: Season 1,1
Japan,JP,2021-10-10,TV,9,GOLGO13,GOLGO13: Collection 1,1
Japan,JP,2021-10-10,TV,10,Maid,Maid: Limited Series,1
Japan,JP,2021-10-03,Films,1,STAND BY ME Doraemon 2,,1
Japan,JP,2021-10-03,Films,2,Bad Boys for Life,,1
Japan,JP,2021-10-03,Films,3,"Blue, Painful, Fragile",,1
Japan,JP,2021-10-03,Films,4,The Guilty,,1
Japan,JP,2021-10-03,Films,5,Masquerade Hotel,,6
Japan,JP,2021-10-03,Films,6,Charlie's Angels,,1
Japan,JP,2021-10-03,Films,7,Sword Art Online the Movie: Ordinal Scale,,1
Japan,JP,2021-10-03,Films,8,STAND BY ME Doraemon,,1
Japan,JP,2021-10-03,Films,9,Stealth,,1
Japan,JP,2021-10-03,Films,10,No One Gets Out Alive,,1
Japan,JP,2021-10-03,TV,1,Squid Game,Squid Game: Season 1,3
Japan,JP,2021-10-03,TV,2,Hometown Cha-Cha-Cha,Hometown Cha-Cha-Cha: Season 1,5
Japan,JP,2021-10-03,TV,3,Her Private Life,Her Private Life: Season 1,1
Japan,JP,2021-10-03,TV,4,Baki Hanma,Baki Hanma: Season 1,1
Japan,JP,2021-10-03,TV,5,Crash Landing on You,Crash Landing on You: Season 1,14
Japan,JP,2021-10-03,TV,6,Itaewon Class,Itaewon Class: Season 1,14
Japan,JP,2021-10-03,TV,7,Tokyo Revengers,Tokyo Revengers: Season 1,14
Japan,JP,2021-10-03,TV,8,That Time I Got Reincarnated as a Slime,That Time I Got Reincarnated as a Slime: Season 2,7
Japan,JP,2021-10-03,TV,9,Hospital Playlist,Hospital Playlist: Season 2,10
Japan,JP,2021-10-03,TV,10,Demon Slayer: Kimetsu no Yaiba,"Demon Slayer: Kimetsu no Yaiba: Tanjiro Kamado, Unwavering Resolve Arc",3
Japan,JP,2021-09-26,Films,1,Masquerade Hotel,,5
Japan,JP,2021-09-26,Films,2,"You're not normal, either!",,1
Japan,JP,2021-09-26,Films,3,Midsommar,,3
Japan,JP,2021-09-26,Films,4,Happy Death Day,,1
Japan,JP,2021-09-26,Films,5,Hunter Killer,,3
Japan,JP,2021-09-26,Films,6,Kate,,3
Japan,JP,2021-09-26,Films,7,Happy Death Day 2U,,1
Japan,JP,2021-09-26,Films,8,Intrusion,,1
Japan,JP,2021-09-26,Films,9,Midsommar: The Director's Cut,,2
Japan,JP,2021-09-26,Films,10,Twilight: Saya in Sasara,,1
Japan,JP,2021-09-26,TV,1,Squid Game,Squid Game: Season 1,2
Japan,JP,2021-09-26,TV,2,Hometown Cha-Cha-Cha,Hometown Cha-Cha-Cha: Season 1,4
Japan,JP,2021-09-26,TV,3,Tokyo Revengers,Tokyo Revengers: Season 1,13
Japan,JP,2021-09-26,TV,4,Crash Landing on You,Crash Landing on You: Season 1,13
Japan,JP,2021-09-26,TV,5,Hospital Playlist,Hospital Playlist: Season 2,9
Japan,JP,2021-09-26,TV,6,Sex Education,Sex Education: Season 3,1
Japan,JP,2021-09-26,TV,7,Itaewon Class,Itaewon Class: Season 1,13
Japan,JP,2021-09-26,TV,8,That Time I Got Reincarnated as a Slime,That Time I Got Reincarnated as a Slime: Season 2,6
Japan,JP,2021-09-26,TV,9,Demon Slayer: Kimetsu no Yaiba,"Demon Slayer: Kimetsu no Yaiba: Tanjiro Kamado, Unwavering Resolve Arc",2
Japan,JP,2021-09-26,TV,10,"Nevertheless,","Nevertheless,: Season 1",13
Japan,JP,2021-09-19,Films,1,Midsommar,,2
Japan,JP,2021-09-19,Films,2,Masquerade Hotel,,4
Japan,JP,2021-09-19,Films,3,Kate,,2
Japan,JP,2021-09-19,Films,4,Hunter Killer,,2
Japan,JP,2021-09-19,Films,5,Wonder Woman 1984,,3
Japan,JP,2021-09-19,Films,6,Midsommar: The Director's Cut,,1
Japan,JP,2021-09-19,Films,7,Nightbooks,,1
Japan,JP,2021-09-19,Films,8,The Matrix,,1
Japan,JP,2021-09-19,Films,9,In Time,,2
Japan,JP,2021-09-19,Films,10,Bohemian Rhapsody,,1
Japan,JP,2021-09-19,TV,1,Hometown Cha-Cha-Cha,Hometown Cha-Cha-Cha: Season 1,3
Japan,JP,2021-09-19,TV,2,Squid Game,Squid Game: Season 1,1
Japan,JP,2021-09-19,TV,3,Tokyo Revengers,Tokyo Revengers: Season 1,12
Japan,JP,2021-09-19,TV,4,Hospital Playlist,Hospital Playlist: Season 2,8
Japan,JP,2021-09-19,TV,5,DEATH NOTE,DEATH NOTE: Death Note,3
Japan,JP,2021-09-19,TV,6,Crash Landing on You,Crash Landing on You: Season 1,12
Japan,JP,2021-09-19,TV,7,Itaewon Class,Itaewon Class: Season 1,12
Japan,JP,2021-09-19,TV,8,"Nevertheless,","Nevertheless,: Season 1",12
Japan,JP,2021-09-19,TV,9,Demon Slayer: Kimetsu no Yaiba,"Demon Slayer: Kimetsu no Yaiba: Tanjiro Kamado, Unwavering Resolve Arc",1
Japan,JP,2021-09-19,TV,10,That Time I Got Reincarnated as a Slime,That Time I Got Reincarnated as a Slime: Season 2,5
Japan,JP,2021-09-12,Films,1,Wonder Woman 1984,,2
Japan,JP,2021-09-12,Films,2,Midsommar,,1
Japan,JP,2021-09-12,Films,3,Kate,,1
Japan,JP,2021-09-12,Films,4,In Time,,1
Japan,JP,2021-09-12,Films,5,Masquerade Hotel,,3
Japan,JP,2021-09-12,Films,6,Hunter Killer,,1
Japan,JP,2021-09-12,Films,7,SAS: Rise of the Black Swan,,3
Japan,JP,2021-09-12,Films,8,his,,1
Japan,JP,2021-09-12,Films,9,The First Purge,,1
Japan,JP,2021-09-12,Films,10,You Shine in the Moonlight,,1
Japan,JP,2021-09-12,TV,1,DEATH NOTE,DEATH NOTE: Death Note,2
Japan,JP,2021-09-12,TV,2,Tokyo Revengers,Tokyo Revengers: Season 1,11
Japan,JP,2021-09-12,TV,3,Hometown Cha-Cha-Cha,Hometown Cha-Cha-Cha: Season 1,2
Japan,JP,2021-09-12,TV,4,Hospital Playlist,Hospital Playlist: Season 2,7
Japan,JP,2021-09-12,TV,5,Parasyte: The Maxim,Parasyte: The Maxim: Season 1,2
Japan,JP,2021-09-12,TV,6,Crash Landing on You,Crash Landing on You: Season 1,11
Japan,JP,2021-09-12,TV,7,Encounter,,4
Japan,JP,2021-09-12,TV,8,"Nevertheless,","Nevertheless,: Season 1",11
Japan,JP,2021-09-12,TV,9,Itaewon Class,Itaewon Class: Season 1,11
Japan,JP,2021-09-12,TV,10,That Time I Got Reincarnated as a Slime,That Time I Got Reincarnated as a Slime: Season 2,4
Japan,JP,2021-09-05,Films,1,SAS: Rise of the Black Swan,,2
Japan,JP,2021-09-05,Films,2,Wonder Woman 1984,,1
Japan,JP,2021-09-05,Films,3,Jumanji: The Next Level,,2
Japan,JP,2021-09-05,Films,4,Fortuna's Eye,,2
Japan,JP,2021-09-05,Films,5,He's All That,,1
Japan,JP,2021-09-05,Films,6,The Blood of Wolves,,3
Japan,JP,2021-09-05,Films,7,Crayon Shin-chan the Movie: Crash! Rakuga-Kingdom and Almost Four Heroes,,4
Japan,JP,2021-09-05,Films,8,Masquerade Hotel,,2
Japan,JP,2021-09-05,Films,9,Pretty Guardian Sailor Moon Eternal The Movie,Pretty Guardian Sailor Moon Eternal The Movie: Part 1 / Part 2,1
Japan,JP,2021-09-05,Films,10,The Punisher,,1
Japan,JP,2021-09-05,TV,1,Tokyo Revengers,Tokyo Revengers: Season 1,10
Japan,JP,2021-09-05,TV,2,Encounter,,3
Japan,JP,2021-09-05,TV,3,"Nevertheless,","Nevertheless,: Season 1",10
Japan,JP,2021-09-05,TV,4,Parasyte: The Maxim,Parasyte: The Maxim: Season 1,1
Japan,JP,2021-09-05,TV,5,DEATH NOTE,DEATH NOTE: Death Note,1
Japan,JP,2021-09-05,TV,6,D.P.,D.P.: Season 1,2
Japan,JP,2021-09-05,TV,7,Crash Landing on You,Crash Landing on You: Season 1,10
Japan,JP,2021-09-05,TV,8,Hometown Cha-Cha-Cha,Hometown Cha-Cha-Cha: Season 1,1
Japan,JP,2021-09-05,TV,9,Itaewon Class,Itaewon Class: Season 1,10
Japan,JP,2021-09-05,TV,10,Vincenzo,Vincenzo: Season 1,10
Japan,JP,2021-08-29,Films,1,Fortuna's Eye,,1
Japan,JP,2021-08-29,Films,2,Jumanji: The Next Level,,1
Japan,JP,2021-08-29,Films,3,SAS: Rise of the Black Swan,,1
Japan,JP,2021-08-29,Films,4,Crayon Shin-chan the Movie: Crash! Rakuga-Kingdom and Almost Four Heroes,,3
Japan,JP,2021-08-29,Films,5,The Blood of Wolves,,2
Japan,JP,2021-08-29,Films,6,Kaguya-sama: Love Is War,,2
Japan,JP,2021-08-29,Films,7,Sweet Girl,,2
Japan,JP,2021-08-29,Films,8,My Hero Academia: Heroes Rising,,5
Japan,JP,2021-08-29,Films,9,The Secret Life of Pets,,1
Japan,JP,2021-08-29,Films,10,Masquerade Hotel,,1
Japan,JP,2021-08-29,TV,1,"Nevertheless,","Nevertheless,: Season 1",9
Japan,JP,2021-08-29,TV,2,Encounter,,2
Japan,JP,2021-08-29,TV,3,Tokyo Revengers,Tokyo Revengers: Season 1,9
Japan,JP,2021-08-29,TV,4,Hospital Playlist,Hospital Playlist: Season 2,6
Japan,JP,2021-08-29,TV,5,Crash Landing on You,Crash Landing on You: Season 1,9
Japan,JP,2021-08-29,TV,6,Lawless Lawyer,,1
Japan,JP,2021-08-29,TV,7,Vincenzo,Vincenzo: Season 1,9
Japan,JP,2021-08-29,TV,8,Itaewon Class,Itaewon Class: Season 1,9
Japan,JP,2021-08-29,TV,9,D.P.,D.P.: Season 1,1
Japan,JP,2021-08-29,TV,10,That Time I Got Reincarnated as a Slime,That Time I Got Reincarnated as a Slime: Season 2,3
Japan,JP,2021-08-22,Films,1,Crayon Shin-chan the Movie: Crash! Rakuga-Kingdom and Almost Four Heroes,,2
Japan,JP,2021-08-22,Films,2,The Witches,,2
Japan,JP,2021-08-22,Films,3,Extreme Job,,1
Japan,JP,2021-08-22,Films,4,Kaguya-sama: Love Is War,,1
Japan,JP,2021-08-22,Films,5,Beckett,,1
Japan,JP,2021-08-22,Films,6,Sweet Girl,,1
Japan,JP,2021-08-22,Films,7,Sekigahara,,1
Japan,JP,2021-08-22,Films,8,The Blood of Wolves,,1
Japan,JP,2021-08-22,Films,9,My Hero Academia: Heroes Rising,,4
Japan,JP,2021-08-22,Films,10,Whistleblower,,2
Japan,JP,2021-08-22,TV,1,"Nevertheless,","Nevertheless,: Season 1",8
Japan,JP,2021-08-22,TV,2,Tokyo Revengers,Tokyo Revengers: Season 1,8
Japan,JP,2021-08-22,TV,3,Encounter,,1
Japan,JP,2021-08-22,TV,4,Crash Landing on You,Crash Landing on You: Season 1,8
Japan,JP,2021-08-22,TV,5,Hospital Playlist,Hospital Playlist: Season 2,5
Japan,JP,2021-08-22,TV,6,Vincenzo,Vincenzo: Season 1,8
Japan,JP,2021-08-22,TV,7,Itaewon Class,Itaewon Class: Season 1,8
Japan,JP,2021-08-22,TV,8,That Time I Got Reincarnated as a Slime,That Time I Got Reincarnated as a Slime: Season 2,2
Japan,JP,2021-08-22,TV,9,My Country: The New Age,My Country: The New Age: Season 1,3
Japan,JP,2021-08-22,TV,10,My Hero Academia,My Hero Academia: Season 5,2
Japan,JP,2021-08-15,Films,1,Silent Tokyo,,2
Japan,JP,2021-08-15,Films,2,Crayon Shin-chan the Movie: Crash! Rakuga-Kingdom and Almost Four Heroes,,1
Japan,JP,2021-08-15,Films,3,The Witches,,1
Japan,JP,2021-08-15,Films,4,My Hero Academia: Heroes Rising,,3
Japan,JP,2021-08-15,Films,5,The Kissing Booth 3,,1
Japan,JP,2021-08-15,Films,6,It Comes,,2
Japan,JP,2021-08-15,Films,7,Whistleblower,,1
Japan,JP,2021-08-15,Films,8,My Blood & Bones in a flowing Galaxy,,1
Japan,JP,2021-08-15,Films,9,Furious 7,,2
Japan,JP,2021-08-15,Films,10,Monster Hunter: Legends of the Guild,,1
Japan,JP,2021-08-15,TV,1,"Nevertheless,","Nevertheless,: Season 1",7
Japan,JP,2021-08-15,TV,2,Tokyo Revengers,Tokyo Revengers: Season 1,7
Japan,JP,2021-08-15,TV,3,My Country: The New Age,My Country: The New Age: Season 1,2
Japan,JP,2021-08-15,TV,4,Crash Landing on You,Crash Landing on You: Season 1,7
Japan,JP,2021-08-15,TV,5,Vincenzo,Vincenzo: Season 1,7
Japan,JP,2021-08-15,TV,6,Love (ft. Marriage and Divorce),Love (ft. Marriage and Divorce): Season 2,7
Japan,JP,2021-08-15,TV,7,My Dear Exes,My Dear Exes: Season 1,2
Japan,JP,2021-08-15,TV,8,Itaewon Class,Itaewon Class: Season 1,7
Japan,JP,2021-08-15,TV,9,Hospital Playlist,Hospital Playlist: Season 2,4
Japan,JP,2021-08-15,TV,10,Yakitate!! Japan,Yakitate!! Japan: Season 1,2
Japan,JP,2021-08-08,Films,1,My Hero Academia: Heroes Rising,,2
Japan,JP,2021-08-08,Films,2,Silent Tokyo,,1
Japan,JP,2021-08-08,Films,3,Seiji Oda,Seiji Oda: Season 1,1
Japan,JP,2021-08-08,Films,4,Exit,,1
Japan,JP,2021-08-08,Films,5,Blood Red Sky,,3
Japan,JP,2021-08-08,Films,6,It Comes,,1
Japan,JP,2021-08-08,Films,7,Mirai,,1
Japan,JP,2021-08-08,Films,8,In This Corner (and Other Corners) of the World,,1
Japan,JP,2021-08-08,Films,9,Suicide Squad,,3
Japan,JP,2021-08-08,Films,10,Zombieland: Double Tap,,1
Japan,JP,2021-08-08,TV,1,"Nevertheless,","Nevertheless,: Season 1",6
Japan,JP,2021-08-08,TV,2,Tokyo Revengers,Tokyo Revengers: Season 1,6
Japan,JP,2021-08-08,TV,3,My Country: The New Age,My Country: The New Age: Season 1,1
Japan,JP,2021-08-08,TV,4,Love (ft. Marriage and Divorce),Love (ft. Marriage and Divorce): Season 2,6
Japan,JP,2021-08-08,TV,5,Yakitate!! Japan,Yakitate!! Japan: Season 1,1
Japan,JP,2021-08-08,TV,6,My Dear Exes,My Dear Exes: Season 1,1
Japan,JP,2021-08-08,TV,7,Crash Landing on You,Crash Landing on You: Season 1,6
Japan,JP,2021-08-08,TV,8,Vincenzo,Vincenzo: Season 1,6
Japan,JP,2021-08-08,TV,9,Itaewon Class,Itaewon Class: Season 1,6
Japan,JP,2021-08-08,TV,10,Hospital Playlist,Hospital Playlist: Season 2,3
Japan,JP,2021-08-01,Films,1,Blood Red Sky,,2
Japan,JP,2021-08-01,Films,2,My Hero Academia: Heroes Rising,,1
Japan,JP,2021-08-01,Films,3,Suicide Squad,,2
Japan,JP,2021-08-01,Films,4,Summer Wars,,3
Japan,JP,2021-08-01,Films,5,Kingdom: Ashin of the North,,2
Japan,JP,2021-08-01,Films,6,Blind Witness,,2
Japan,JP,2021-08-01,Films,7,The Boy and the Beast,,3
Japan,JP,2021-08-01,Films,8,Wolf Children,,3
Japan,JP,2021-08-01,Films,9,Furious 7,,1
Japan,JP,2021-08-01,Films,10,The Girl Who Leapt Through Time,,2
Japan,JP,2021-08-01,TV,1,"Nevertheless,","Nevertheless,: Season 1",5
Japan,JP,2021-08-01,TV,2,Tokyo Revengers,Tokyo Revengers: Season 1,5
Japan,JP,2021-08-01,TV,3,Vincenzo,Vincenzo: Season 1,5
Japan,JP,2021-08-01,TV,4,Crash Landing on You,Crash Landing on You: Season 1,5
Japan,JP,2021-08-01,TV,5,She was pretty,She was pretty: Season 1,4
Japan,JP,2021-08-01,TV,6,Itaewon Class,Itaewon Class: Season 1,5
Japan,JP,2021-08-01,TV,7,Love (ft. Marriage and Divorce),Love (ft. Marriage and Divorce): Season 2,5
Japan,JP,2021-08-01,TV,8,That Time I Got Reincarnated as a Slime,That Time I Got Reincarnated as a Slime: Season 2,1
Japan,JP,2021-08-01,TV,9,My Hero Academia,My Hero Academia: Season 5,1
Japan,JP,2021-08-01,TV,10,What's Wrong with Secretary Kim,What's Wrong with Secretary Kim: Season 1,1
Japan,JP,2021-07-25,Films,1,Summer Wars,,2
Japan,JP,2021-07-25,Films,2,The Boy and the Beast,,2
Japan,JP,2021-07-25,Films,3,Wolf Children,,2
Japan,JP,2021-07-25,Films,4,Blind Witness,,1
Japan,JP,2021-07-25,Films,5,Closed Ward,,1
Japan,JP,2021-07-25,Films,6,Kingdom: Ashin of the North,,1
Japan,JP,2021-07-25,Films,7,The Girl Who Leapt Through Time,,1
Japan,JP,2021-07-25,Films,8,Suicide Squad,,1
Japan,JP,2021-07-25,Films,9,Blood Red Sky,,1
Japan,JP,2021-07-25,Films,10,Last Letter,,2
Japan,JP,2021-07-25,TV,1,Tokyo Revengers,Tokyo Revengers: Season 1,4
Japan,JP,2021-07-25,TV,2,"Nevertheless,","Nevertheless,: Season 1",4
Japan,JP,2021-07-25,TV,3,Vincenzo,Vincenzo: Season 1,4
Japan,JP,2021-07-25,TV,4,Love (ft. Marriage and Divorce),Love (ft. Marriage and Divorce): Season 2,4
Japan,JP,2021-07-25,TV,5,She was pretty,She was pretty: Season 1,3
Japan,JP,2021-07-25,TV,6,Crash Landing on You,Crash Landing on You: Season 1,4
Japan,JP,2021-07-25,TV,7,Itaewon Class,Itaewon Class: Season 1,4
Japan,JP,2021-07-25,TV,8,Hospital Playlist,Hospital Playlist: Season 2,2
Japan,JP,2021-07-25,TV,9,The Good Doctor,The Good Doctor: Season 1,1
Japan,JP,2021-07-25,TV,10,The Naked Director,The Naked Director: Season 2,4
Japan,JP,2021-07-18,Films,1,Summer Wars,,1
Japan,JP,2021-07-18,Films,2,Major Grom: Plague Doctor,,2
Japan,JP,2021-07-18,Films,3,Last Letter,,1
Japan,JP,2021-07-18,Films,4,The Boy and the Beast,,1
Japan,JP,2021-07-18,Films,5,Peninsula,,3
Japan,JP,2021-07-18,Films,6,Tenet,,3
Japan,JP,2021-07-18,Films,7,How I Became a Superhero,,1
Japan,JP,2021-07-18,Films,8,13 Hours: The Secret Soldiers of Benghazi,,3
Japan,JP,2021-07-18,Films,9,Wolf Children,,1
Japan,JP,2021-07-18,Films,10,Fear Street Part 2: 1978,,1
Japan,JP,2021-07-18,TV,1,Tokyo Revengers,Tokyo Revengers: Season 1,3
Japan,JP,2021-07-18,TV,2,"Nevertheless,","Nevertheless,: Season 1",3
Japan,JP,2021-07-18,TV,3,Vincenzo,Vincenzo: Season 1,3
Japan,JP,2021-07-18,TV,4,She was pretty,She was pretty: Season 1,2
Japan,JP,2021-07-18,TV,5,Love (ft. Marriage and Divorce),Love (ft. Marriage and Divorce): Season 2,3
Japan,JP,2021-07-18,TV,6,Crash Landing on You,Crash Landing on You: Season 1,3
Japan,JP,2021-07-18,TV,7,The Naked Director,The Naked Director: Season 2,3
Japan,JP,2021-07-18,TV,8,Mine,Mine: Season 1,3
Japan,JP,2021-07-18,TV,9,Itaewon Class,Itaewon Class: Season 1,3
Japan,JP,2021-07-18,TV,10,Hospital Playlist,Hospital Playlist: Season 2,1
Japan,JP,2021-07-11,Films,1,Peninsula,,2
Japan,JP,2021-07-11,Films,2,13 Hours: The Secret Soldiers of Benghazi,,2
Japan,JP,2021-07-11,Films,3,The 8th Night,,2
Japan,JP,2021-07-11,Films,4,The Platform,,2
Japan,JP,2021-07-11,Films,5,Tenet,,2
Japan,JP,2021-07-11,Films,6,Major Grom: Plague Doctor,,1
Japan,JP,2021-07-11,Films,7,My First Client,,2
Japan,JP,2021-07-11,Films,8,Baywatch,,1
Japan,JP,2021-07-11,Films,9,Warcraft,,1
Japan,JP,2021-07-11,Films,10,The Master Plan,,2
Japan,JP,2021-07-11,TV,1,Tokyo Revengers,Tokyo Revengers: Season 1,2
Japan,JP,2021-07-11,TV,2,The Naked Director,The Naked Director: Season 2,2
Japan,JP,2021-07-11,TV,3,Vincenzo,Vincenzo: Season 1,2
Japan,JP,2021-07-11,TV,4,Mine,Mine: Season 1,2
Japan,JP,2021-07-11,TV,5,"Nevertheless,","Nevertheless,: Season 1",2
Japan,JP,2021-07-11,TV,6,She was pretty,She was pretty: Season 1,1
Japan,JP,2021-07-11,TV,7,Crash Landing on You,Crash Landing on You: Season 1,2
Japan,JP,2021-07-11,TV,8,Love (ft. Marriage and Divorce),Love (ft. Marriage and Divorce): Season 2,2
Japan,JP,2021-07-11,TV,9,Itaewon Class,Itaewon Class: Season 1,2
Japan,JP,2021-07-11,TV,10,RESIDENT EVIL: Infinite Darkness,RESIDENT EVIL: Infinite Darkness: Season 1,1
Japan,JP,2021-07-04,Films,1,Peninsula,,1
Japan,JP,2021-07-04,Films,2,Tenet,,1
Japan,JP,2021-07-04,Films,3,The Master Plan,,1
Japan,JP,2021-07-04,Films,4,One Night,,1
Japan,JP,2021-07-04,Films,5,The Platform,,1
Japan,JP,2021-07-04,Films,6,13 Hours: The Secret Soldiers of Benghazi,,1
Japan,JP,2021-07-04,Films,7,My First Client,,1
Japan,JP,2021-07-04,Films,8,Switch,,1
Japan,JP,2021-07-04,Films,9,The 8th Night,,1
Japan,JP,2021-07-04,Films,10,Fatherhood,,1
Japan,JP,2021-07-04,TV,1,The Naked Director,The Naked Director: Season 2,1
Japan,JP,2021-07-04,TV,2,Mine,Mine: Season 1,1
Japan,JP,2021-07-04,TV,3,Vincenzo,Vincenzo: Season 1,1
Japan,JP,2021-07-04,TV,4,Tokyo Revengers,Tokyo Revengers: Season 1,1
Japan,JP,2021-07-04,TV,5,The Naked Director,The Naked Director: Season 1,1
Japan,JP,2021-07-04,TV,6,Record of Ragnarok,Record of Ragnarok: Season 1,1
Japan,JP,2021-07-04,TV,7,Crash Landing on You,Crash Landing on You: Season 1,1
Japan,JP,2021-07-04,TV,8,"Nevertheless,","Nevertheless,: Season 1",1
Japan,JP,2021-07-04,TV,9,Love (ft. Marriage and Divorce),Love (ft. Marriage and Divorce): Season 2,1
Japan,JP,2021-07-04,TV,10,Itaewon Class,Itaewon Class: Season 1,1
